cell_key,kernel,shape_group,shape_json,source,model,basis,reason,default_status,seed_status,torch_compile_status,default_us,seed_us,torch_compile_us,default_vs_torch_compile,seed_vs_torch_compile,torch_compile_vs_torch_compile
rms_norm:2048x2048,rms_norm,normalization,"[2048, 2048]",liger_model_config,deepseek_v2_lite,,,ok,ok,ok,10.208000428974628,9.79200005531311,9.727999567985535,0.9529779740578137,0.9934640025565717,1.0
rms_norm:2048x3584,rms_norm,normalization,"[2048, 3584]",liger_model_config,qwen2.5_7b,,,ok,ok,ok,14.336000196635723,13.87199992313981,15.584000386297703,1.0870535834642951,1.1234141055827223,1.0
rms_norm:2048x4096,rms_norm,normalization,"[2048, 4096]",liger_model_config,llama_3_8b,,,ok,ok,ok,16.367999836802483,15.728000551462173,17.823999747633934,1.0889540521351742,1.1332654579527532,1.0
rms_norm:2048x5120,rms_norm,normalization,"[2048, 5120]",liger_model_config,qwen2.5_14b,,,ok,ok,ok,20.015999674797058,18.17600056529045,19.967999309301376,0.9976019001660896,1.0985914771279768,1.0
rms_norm:2048x7168,rms_norm,normalization,"[2048, 7168]",liger_model_config,deepseek_v3,,,ok,ok,ok,26.688000187277794,23.679999634623528,26.11199952661991,0.9784172415836364,1.1027026997264162,1.0
rms_norm:2048x8192,rms_norm,normalization,"[2048, 8192]",liger_model_config,qwen2.5_72b,,,ok,ok,ok,30.719999223947525,26.399999856948853,28.672000393271446,0.9333333697131223,1.0860606268421842,1.0
rms_norm:128x4096,rms_norm,normalization,"[128, 4096]",model_anchored_supplement,,Llama hidden size,Liger's fixed model sweep does not cover a small row population.,ok,ok,ok,6.84799998998642,6.415999960154295,6.496000103652477,0.9485981473643897,1.0124688503732875,1.0
rms_norm:8192x4096,rms_norm,normalization,"[8192, 4096]",model_anchored_supplement,,Llama hidden size,Liger's fixed model sweep does not cover a large row population.,ok,ok,ok,48.49600046873093,47.72799834609032,51.4880008995533,1.0616958182510647,1.078779808157846,1.0
layer_norm:2048x2048,layer_norm,normalization,"[2048, 2048]",liger_model_config,deepseek_v2_lite,,,ok,ok,ok,10.479999706149101,10.479999706149101,14.688000082969666,1.401526764771905,1.401526764771905,1.0
layer_norm:2048x3584,layer_norm,normalization,"[2048, 3584]",liger_model_config,qwen2.5_7b,,,ok,ok,ok,14.527999795973301,14.015999622642994,17.72800087928772,1.2202643948412883,1.2648402794366482,1.0
layer_norm:2048x4096,layer_norm,normalization,"[2048, 4096]",liger_model_config,llama_3_8b,,,ok,ok,ok,16.656000167131424,15.503999777138233,18.52799952030182,1.1123918908733297,1.1950464258663556,1.0
layer_norm:2048x5120,layer_norm,normalization,"[2048, 5120]",liger_model_config,qwen2.5_14b,,,ok,ok,ok,23.360000923275948,21.056000143289566,25.71200020611286,1.1006848968269252,1.2211246215396299,1.0
layer_norm:2048x7168,layer_norm,normalization,"[2048, 7168]",liger_model_config,deepseek_v3,,,ok,ok,ok,28.07999961078167,25.439999997615814,29.823999851942062,1.0621082715574812,1.1723270383151378,1.0
layer_norm:2048x8192,layer_norm,normalization,"[2048, 8192]",liger_model_config,qwen2.5_72b,,,ok,ok,ok,31.231999397277832,28.303999453783035,33.984001725912094,1.088114830358063,1.2006784334985523,1.0
layer_norm:128x4096,layer_norm,normalization,"[128, 4096]",model_anchored_supplement,,Llama hidden size,Liger's fixed model sweep does not cover a small row population.,ok,ok,ok,7.2639998979866505,6.800000090152025,7.7760000713169575,1.0704846063492122,1.1435294070919801,1.0
layer_norm:8192x4096,layer_norm,normalization,"[8192, 4096]",model_anchored_supplement,,Llama hidden size,Liger's fixed model sweep does not cover a large row population.,ok,ok,ok,48.128001391887665,47.968000173568726,53.199999034404755,1.10538558626646,1.1090726910003423,1.0
softmax:2048x2048,softmax,softmax,"[2048, 2048]",liger_model_config,deepseek_v2_lite,,,ok,ok,ok,9.775999933481216,9.727999567985535,14.208000153303146,1.453355181053454,1.4605263964095063,1.0
softmax:2048x3584,softmax,softmax,"[2048, 3584]",liger_model_config,qwen2.5_7b,,,ok,ok,ok,14.543999917805195,14.527999795973301,25.248000398278236,1.7359736345548853,1.7378855143759142,1.0
softmax:2048x5120,softmax,softmax,"[2048, 5120]",liger_model_config,qwen2.5_14b,,,ok,ok,ok,32.76799991726875,21.199999377131462,29.472000896930695,0.8994140921429549,1.3901887623979026,1.0
softmax:2048x8192,softmax,softmax,"[2048, 8192]",liger_model_config,qwen2.5_72b,,,ok,ok,ok,37.79200091958046,26.464000344276428,45.60000076889992,1.2066045633819311,1.7230955326359862,1.0
softmax:128x4096,softmax,softmax,"[128, 4096]",model_anchored_supplement,,Llama hidden size,Liger's fixed softmax sweep does not cover a small row population.,ok,ok,ok,6.6559999249875546,6.87999976798892,7.74399982765317,1.163461525680178,1.1255814082558906,1.0
softmax:8192x4096,softmax,softmax,"[8192, 4096]",model_anchored_supplement,,Llama hidden size,Liger's fixed softmax sweep does not cover a large row population.,ok,ok,ok,47.359999269247055,47.887999564409256,70.30399888753891,1.4844594588748317,1.4680922052920624,1.0
softmax:4096x256,softmax,softmax,"[4096, 256]",synthetic_real_regime,,short attention context,Liger treats hidden size as the softmax width and omits short attention reductions.,ok,ok,ok,8.832000195980072,7.519999984651804,8.224000222980976,0.9311594248745794,1.0936170531603757,1.0
softmax:2048x32768,softmax,softmax,"[2048, 32768]",model_anchored_supplement,,Qwen 2.5 maximum context length,Liger's softmax benchmark does not exercise a long-context reduction width.,ok,ok,ok,186.2879991531372,106.20799660682678,130.62399625778198,0.7011938334814747,1.2298885246968851,1.0
cross_entropy:2048x32000,cross_entropy,vocabulary,"[2048, 32000]",liger_model_config,llama_2_7b,,,ok,ok,ok,110.99200323224068,81.77599683403969,96.76799923181534,0.8718465872657248,1.1833301088117725,1.0
cross_entropy:2048x102400,cross_entropy,vocabulary,"[2048, 102400]",liger_model_config,deepseek_v2_lite,,,ok,ok,ok,306.319996714592,310.2079927921295,260.8480006456375,0.8515539417711533,0.8408809789128543,1.0
cross_entropy:2048x128256,cross_entropy,vocabulary,"[2048, 128256]",liger_model_config,llama_3_8b,,,ok,ok,ok,390.5920088291168,354.17601466178894,330.3520083427429,0.8457725731077904,0.9327339928939115,1.0
cross_entropy:2048x129280,cross_entropy,vocabulary,"[2048, 129280]",liger_model_config,deepseek_v3,,,ok,ok,ok,384.70399379730225,353.11999917030334,333.99999141693115,0.8681999584150751,0.9458540785050497,1.0
cross_entropy:2048x152064,cross_entropy,vocabulary,"[2048, 152064]",liger_model_config,qwen2.5,,,ok,ok,ok,473.9840030670166,408.04800391197205,385.0879967212677,0.8124493532049015,0.9437320928650897,1.0
cross_entropy:128x128256,cross_entropy,vocabulary,"[128, 128256]",model_anchored_supplement,,Llama 3 vocabulary,Liger's fixed model sweep does not cover a small token population.,ok,ok,ok,84.06399935483932,34.63999927043915,34.33600068092346,0.40845071546012324,0.9912240590092879,1.0
cross_entropy:8192x128256,cross_entropy,vocabulary,"[8192, 128256]",model_anchored_supplement,,Llama 3 vocabulary,Liger's fixed model sweep does not cover a large token population.,ok,ok,ok,1419.1360473632812,1223.695993423462,1241.5040135383606,0.8748308633587623,1.0145526505035602,1.0
cross_entropy:2048x256000,cross_entropy,vocabulary,"[2048, 256000]",synthetic_real_regime,,256k-vocabulary language models,Liger's model registry tops out at 152064 and omits this common wider-vocabulary regime.,ok,ok,ok,742.4800097942352,751.8239915370941,620.0480163097382,0.8351039868151778,0.8247249666003053,1.0
kl_div:2048x32000,kl_div,vocabulary,"[2048, 32000]",liger_model_config,llama_2_7b,,,ok,ok,ok,1321.23202085495,118.65600198507309,113.93600329756737,0.08623466696170522,0.9602211552003961,1.0
kl_div:2048x102400,kl_div,vocabulary,"[2048, 102400]",liger_model_config,deepseek_v2_lite,,,ok,ok,ok,4164.608001708984,353.2800078392029,341.5040075778961,0.08200147707485479,0.9666666666666667,1.0
kl_div:2048x128256,kl_div,vocabulary,"[2048, 128256]",liger_model_config,llama_3_8b,,,ok,ok,ok,5229.680061340332,401.42399072647095,416.3519889116287,0.0796132811239165,1.0371876084390026,1.0
kl_div:2048x129280,kl_div,vocabulary,"[2048, 129280]",liger_model_config,deepseek_v3,,,ok,ok,ok,5251.568078994751,401.4720022678375,416.4000004529953,0.079290603147375,1.0371831612187958,1.0
kl_div:2048x152064,kl_div,vocabulary,"[2048, 152064]",liger_model_config,qwen2.5,,,ok,ok,ok,6164.144039154053,471.45599126815796,467.3440009355545,0.0758165282911999,0.9912781035584197,1.0
kl_div:128x128256,kl_div,vocabulary,"[128, 128256]",model_anchored_supplement,,Llama 3 vocabulary,Liger's fixed model sweep does not cover a small token population.,ok,ok,ok,5233.520030975342,44.064000248909,34.71999987959862,0.0066341582097906,0.7879448003692826,1.0
kl_div:8192x128256,kl_div,vocabulary,"[8192, 128256]",model_anchored_supplement,,Llama 3 vocabulary,Liger's fixed model sweep does not cover a large token population.,ok,ok,ok,5573.855876922607,1506.6879987716675,1478.2079458236694,0.26520383347977877,0.981097577619775,1.0
kl_div:2048x256000,kl_div,vocabulary,"[2048, 256000]",synthetic_real_regime,,256k-vocabulary language models,Liger's model registry tops out at 152064 and omits this common wider-vocabulary regime.,ok,ok,ok,10406.0640335083,789.247989654541,762.5440061092377,0.07327881162885307,0.9661652815143794,1.0
jsd:2048x32000,jsd,vocabulary,"[2048, 32000]",liger_model_config,llama_2_7b,,,ok,ok,ok,1256.1759948730469,183.53600054979324,146.40000462532043,0.11654418268048188,0.7976636964234283,1.0
jsd:2048x102400,jsd,vocabulary,"[2048, 102400]",liger_model_config,deepseek_v2_lite,,,ok,ok,ok,3961.392045021057,513.5839879512787,416.3680076599121,0.10510648855955353,0.8107106479717803,1.0
jsd:2048x128256,jsd,vocabulary,"[2048, 128256]",liger_model_config,llama_3_8b,,,ok,ok,ok,4952.703952789307,623.1359839439392,532.4319899082184,0.10750329415679262,0.8544394861268659,1.0
jsd:2048x129280,jsd,vocabulary,"[2048, 129280]",liger_model_config,deepseek_v3,,,ok,ok,ok,4991.199970245361,624.5120167732239,540.2560234069824,0.1082417107364312,0.8650850726594794,1.0
jsd:2048x152064,jsd,vocabulary,"[2048, 152064]",liger_model_config,qwen2.5,,,ok,ok,ok,5859.888076782227,733.7439954280853,630.8960020542145,0.10766349011919203,0.859831229945716,1.0
jsd:128x128256,jsd,vocabulary,"[128, 128256]",model_anchored_supplement,,Llama 3 vocabulary,Liger's fixed model sweep does not cover a small token population.,ok,ok,ok,4971.247911453247,50.97600072622299,49.92000013589859,0.010041744251154325,0.9792843578295625,1.0
jsd:8192x128256,jsd,vocabulary,"[8192, 128256]",model_anchored_supplement,,Llama 3 vocabulary,Liger's fixed model sweep does not cover a large token population.,ok,ok,ok,5304.512023925781,2415.839910507202,2030.4958820343018,0.3827865547058494,0.8404927301693604,1.0
jsd:2048x256000,jsd,vocabulary,"[2048, 256000]",synthetic_real_regime,,256k-vocabulary language models,Liger's model registry tops out at 152064 and omits this common wider-vocabulary regime.,ok,ok,ok,9920.3200340271,1203.1520009040833,1019.9360251426697,0.10281281467172912,0.8477200090896746,1.0
fused_linear_jsd:2048x32000,fused_linear_jsd,vocabulary,"[2048, 32000]",liger_model_config,llama_2_7b,,,ok,ok,ok,793.9359843730927,671.1680293083191,891.9840157032013,1.123496142333855,1.3290025399786205,1.0
fused_linear_jsd:2048x102400,fused_linear_jsd,vocabulary,"[2048, 102400]",liger_model_config,deepseek_v2_lite,,,ok,ok,ok,2394.976019859314,2505.1519870758057,2836.176037788391,1.1842189709920328,1.1321373123947585,1.0
fused_linear_jsd:2048x128256,fused_linear_jsd,vocabulary,"[2048, 128256]",liger_model_config,llama_3_8b,,,ok,ok,ok,4332.0159912109375,3138.543963432312,3844.9599742889404,0.8875682781619074,1.2250776216892918,1.0
fused_linear_jsd:2048x129280,fused_linear_jsd,vocabulary,"[2048, 129280]",liger_model_config,deepseek_v3,,,ok,ok,ok,3395.9999084472656,3149.616003036499,3875.4559755325317,1.1411825912870786,1.2304534812485906,1.0
fused_linear_jsd:2048x152064,fused_linear_jsd,vocabulary,"[2048, 152064]",liger_model_config,qwen2.5,,,ok,ok,ok,5229.696035385132,3821.344017982483,4538.991928100586,0.8679265290733709,1.187799870082619,1.0
fused_linear_jsd:128x128256,fused_linear_jsd,vocabulary,"[128, 128256]",model_anchored_supplement,,Llama 3 vocabulary,Liger's fixed model sweep does not cover a small token population.,ok,ok,ok,543.8880026340485,203.3279985189438,295.3439950942993,0.5430235520253232,1.4525495615242705,1.0
fused_linear_jsd:8192x128256,fused_linear_jsd,vocabulary,"[8192, 128256]",model_anchored_supplement,,Llama 3 vocabulary,Liger's fixed model sweep does not cover a large token population.,ok,ok,ok,16129.216194152832,12365.743637084961,14058.480262756348,0.8716158363512315,1.1368891896314959,1.0
fused_linear_jsd:2048x256000,fused_linear_jsd,vocabulary,"[2048, 256000]",synthetic_real_regime,,256k-vocabulary language models,Liger's model registry tops out at 152064 and omits this common wider-vocabulary regime.,ok,ok,ok,8140.480041503906,6475.327968597412,7636.816024780273,0.9381284624302594,1.1793713093476632,1.0
grpo:2x512x32000,grpo,grpo,"[2, 512, 32000]",liger_grpo_kernel,,,,ok,ok,ok,1068.8000321388245,47.568000853061676,46.52800038456917,0.043532933182514846,0.9781365529380752,1.0
grpo:4x512x32000,grpo,grpo,"[4, 512, 32000]",liger_grpo_kernel,,,,ok,ok,ok,1156.063973903656,80.04799857735634,95.15200182795525,0.08230686534297714,1.1886868318887795,1.0
grpo:8x512x32000,grpo,grpo,"[8, 512, 32000]",liger_grpo_kernel,,,,ok,ok,ok,1456.1439752578735,142.19199866056442,173.8239973783493,0.11937280951051987,1.2224597657797585,1.0
grpo:16x512x32000,grpo,grpo,"[16, 512, 32000]",liger_grpo_kernel,,,,ok,ok,ok,2616.192102432251,261.24799251556396,263.279989361763,0.10063480778685704,1.0077780381262758,1.0
grpo:4x1024x102400,grpo,grpo,"[4, 1024, 102400]",model_anchored_supplement,,DeepSeek V2 Lite vocabulary,Liger's low-level GRPO benchmark fixes both sequence length and vocabulary.,ok,ok,ok,3289.375901222229,402.319997549057,443.2480037212372,0.13475139875516814,1.1017299821572741,1.0
grpo:4x1024x128256,grpo,grpo,"[4, 1024, 128256]",model_anchored_supplement,,Llama 3 vocabulary,Liger's low-level GRPO benchmark fixes both sequence length and vocabulary.,ok,ok,ok,4076.9121646881104,514.8960053920746,660.7680022716522,0.16207560417780106,1.2833038037817004,1.0
grpo:8x1024x152064,grpo,grpo,"[8, 1024, 152064]",model_anchored_supplement,,Qwen 2.5 vocabulary,Liger's low-level GRPO benchmark fixes both sequence length and vocabulary.,ok,ok,ok,6499.056100845337,1197.6799964904785,1539.9999618530273,0.23695748089522084,1.2858192224681364,1.0
grpo:4x2048x128256,grpo,grpo,"[4, 2048, 128256]",model_anchored_supplement,,Llama 3 vocabulary with a longer completion,Liger's low-level GRPO benchmark fixes the completion length at 512.,ok,ok,ok,4050.447940826416,1040.1920080184937,1295.311987400055,0.31979475019144954,1.245262391380559,1.0
rms_norm_bwd:2048x2048,rms_norm_bwd,normalization,"[2048, 2048]",liger_model_config,deepseek_v2_lite,,,ok,ok,ok,203.80799472332,22.512000054121017,22.175999358296394,0.10880828982396629,0.9850745959924998,1.0
rms_norm_bwd:2048x3584,rms_norm_bwd,normalization,"[2048, 3584]",liger_model_config,qwen2.5_7b,,,ok,ok,ok,682.59197473526,33.36000069975853,35.679999738931656,0.052271343730300915,1.0695443342478683,1.0
rms_norm_bwd:2048x4096,rms_norm_bwd,normalization,"[2048, 4096]",liger_model_config,llama_3_8b,,,ok,ok,ok,693.664014339447,34.78400036692619,37.31200098991394,0.05378973136648137,1.0726771100598151,1.0
rms_norm_bwd:2048x5120,rms_norm_bwd,normalization,"[2048, 5120]",liger_model_config,qwen2.5_14b,,,ok,ok,ok,946.7999935150146,47.39199951291084,50.863999873399734,0.05372201121861659,1.0732613182852313,1.0
rms_norm_bwd:2048x7168,rms_norm_bwd,normalization,"[2048, 7168]",liger_model_config,deepseek_v3,,,ok,ok,ok,1368.2080507278442,52.89600044488907,59.29600074887276,0.043338438709909013,1.1209921402403888,1.0
rms_norm_bwd:2048x8192,rms_norm_bwd,normalization,"[2048, 8192]",liger_model_config,qwen2.5_72b,,,ok,ok,ok,1512.2079849243164,55.776000022888184,73.21599870920181,0.04841661956497747,1.3126792649016956,1.0
rms_norm_bwd:128x4096,rms_norm_bwd,normalization,"[128, 4096]",model_anchored_supplement,,Llama hidden size,Liger's fixed model sweep does not cover a small row population.,ok,ok,ok,351.80799663066864,13.439999893307686,15.072000212967396,0.042841550951981694,1.1214285961767267,1.0
rms_norm_bwd:8192x4096,rms_norm_bwd,normalization,"[8192, 4096]",model_anchored_supplement,,Llama hidden size,Liger's fixed model sweep does not cover a large row population.,ok,ok,ok,1323.7600326538086,94.43199634552002,89.24800157546997,0.06742007567379867,0.9451034080537472,1.0
layer_norm_bwd:2048x2048,layer_norm_bwd,normalization,"[2048, 2048]",liger_model_config,deepseek_v2_lite,,,ok,ok,ok,512.6399993896484,27.583999559283257,29.23200000077486,0.05702247197951509,1.0597447965422757,1.0
layer_norm_bwd:2048x3584,layer_norm_bwd,normalization,"[2048, 3584]",liger_model_config,qwen2.5_7b,,,ok,ok,ok,919.8240041732788,41.18400067090988,40.591999888420105,0.044130181104485806,0.9856254668598058,1.0
layer_norm_bwd:2048x4096,layer_norm_bwd,normalization,"[2048, 4096]",liger_model_config,llama_3_8b,,,ok,ok,ok,868.1760132312775,42.81600005924702,50.416000187397,0.05807117383922291,1.1775037396681947,1.0
layer_norm_bwd:2048x5120,layer_norm_bwd,normalization,"[2048, 5120]",liger_model_config,qwen2.5_14b,,,ok,ok,ok,1485.8400225639343,54.9440011382103,62.17600032687187,0.04184568956460216,1.1316249097052407,1.0
layer_norm_bwd:2048x7168,layer_norm_bwd,normalization,"[2048, 7168]",liger_model_config,deepseek_v3,,,ok,ok,ok,1963.648021221161,61.3120011985302,79.05599847435951,0.040259760211606495,1.2894049603498292,1.0
layer_norm_bwd:2048x8192,layer_norm_bwd,normalization,"[2048, 8192]",liger_model_config,qwen2.5_72b,,,ok,ok,ok,2406.272053718567,63.77600133419037,87.37600222229958,0.036311772015667064,1.3700451642373073,1.0
layer_norm_bwd:128x4096,layer_norm_bwd,normalization,"[128, 4096]",model_anchored_supplement,,Llama hidden size,Liger's fixed model sweep does not cover a small row population.,ok,ok,ok,440.3519928455353,19.311999902129173,16.96000061929226,0.038514644863300106,0.878210475623625,1.0
layer_norm_bwd:8192x4096,layer_norm_bwd,normalization,"[8192, 4096]",model_anchored_supplement,,Llama hidden size,Liger's fixed model sweep does not cover a large row population.,ok,ok,ok,1580.7999968528748,103.12000289559364,89.91999924182892,0.05688259072674946,0.8719937618007111,1.0
