cell_key,variant,mode,shape_name,shape_json,lengths_json,heads,dim
vanilla_linear_attn::forward::B1_T8192_H96_D128,vanilla_linear_attn,forward,B1_T8192_H96_D128,"[1, 96, 8192, 128, 128]",null,,
vanilla_linear_attn::forward_backward::B1_T8192_H96_D128,vanilla_linear_attn,forward_backward,B1_T8192_H96_D128,"[1, 96, 8192, 128, 128]",null,,
simple_gla::forward::B1_T8192_H96_D128,simple_gla,forward,B1_T8192_H96_D128,"[1, 96, 8192, 128, 128]",null,,
simple_gla::forward_backward::B1_T8192_H96_D128,simple_gla,forward_backward,B1_T8192_H96_D128,"[1, 96, 8192, 128, 128]",null,,
retention::forward::B1_T8192_H96_D128,retention,forward,B1_T8192_H96_D128,"[1, 96, 8192, 128, 128]",null,,
retention::forward_backward::B1_T8192_H96_D128,retention,forward_backward,B1_T8192_H96_D128,"[1, 96, 8192, 128, 128]",null,,
full_gla::forward::B1_T8192_H96_D128,full_gla,forward,B1_T8192_H96_D128,"[1, 96, 8192, 128, 128]",null,,
full_gla::forward_backward::B1_T8192_H96_D128,full_gla,forward_backward,B1_T8192_H96_D128,"[1, 96, 8192, 128, 128]",null,,
delta_rule::forward::B1_T8192_H96_D128,delta_rule,forward,B1_T8192_H96_D128,"[1, 96, 8192, 128, 128]",null,,
delta_rule::forward_backward::B1_T8192_H96_D128,delta_rule,forward_backward,B1_T8192_H96_D128,"[1, 96, 8192, 128, 128]",null,,
gated_delta_rule::forward::B1_T8192_H96_D128,gated_delta_rule,forward,B1_T8192_H96_D128,"[1, 96, 8192, 128, 128]",null,,
gated_delta_rule::forward_backward::B1_T8192_H96_D128,gated_delta_rule,forward_backward,B1_T8192_H96_D128,"[1, 96, 8192, 128, 128]",null,,
kda::forward::B1_T8192_H96_D128,kda,forward,B1_T8192_H96_D128,"[1, 96, 8192, 128, 128]",null,,
kda::forward_backward::B1_T8192_H96_D128,kda,forward_backward,B1_T8192_H96_D128,"[1, 96, 8192, 128, 128]",null,,
kda_fused::forward::B1_T8192_H96_D128,kda_fused,forward,B1_T8192_H96_D128,"[1, 96, 8192, 128, 128]",null,,
vanilla_linear_attn::forward::B2_T16384_H16_D128,vanilla_linear_attn,forward,B2_T16384_H16_D128,"[2, 16, 16384, 128, 128]",null,,
vanilla_linear_attn::forward_backward::B2_T16384_H16_D128,vanilla_linear_attn,forward_backward,B2_T16384_H16_D128,"[2, 16, 16384, 128, 128]",null,,
simple_gla::forward::B2_T16384_H16_D128,simple_gla,forward,B2_T16384_H16_D128,"[2, 16, 16384, 128, 128]",null,,
simple_gla::forward_backward::B2_T16384_H16_D128,simple_gla,forward_backward,B2_T16384_H16_D128,"[2, 16, 16384, 128, 128]",null,,
retention::forward::B2_T16384_H16_D128,retention,forward,B2_T16384_H16_D128,"[2, 16, 16384, 128, 128]",null,,
retention::forward_backward::B2_T16384_H16_D128,retention,forward_backward,B2_T16384_H16_D128,"[2, 16, 16384, 128, 128]",null,,
full_gla::forward::B2_T16384_H16_D128,full_gla,forward,B2_T16384_H16_D128,"[2, 16, 16384, 128, 128]",null,,
full_gla::forward_backward::B2_T16384_H16_D128,full_gla,forward_backward,B2_T16384_H16_D128,"[2, 16, 16384, 128, 128]",null,,
delta_rule::forward::B2_T16384_H16_D128,delta_rule,forward,B2_T16384_H16_D128,"[2, 16, 16384, 128, 128]",null,,
delta_rule::forward_backward::B2_T16384_H16_D128,delta_rule,forward_backward,B2_T16384_H16_D128,"[2, 16, 16384, 128, 128]",null,,
gated_delta_rule::forward::B2_T16384_H16_D128,gated_delta_rule,forward,B2_T16384_H16_D128,"[2, 16, 16384, 128, 128]",null,,
gated_delta_rule::forward_backward::B2_T16384_H16_D128,gated_delta_rule,forward_backward,B2_T16384_H16_D128,"[2, 16, 16384, 128, 128]",null,,
kda::forward::B2_T16384_H16_D128,kda,forward,B2_T16384_H16_D128,"[2, 16, 16384, 128, 128]",null,,
kda::forward_backward::B2_T16384_H16_D128,kda,forward_backward,B2_T16384_H16_D128,"[2, 16, 16384, 128, 128]",null,,
kda_fused::forward::B2_T16384_H16_D128,kda_fused,forward,B2_T16384_H16_D128,"[2, 16, 16384, 128, 128]",null,,
vanilla_linear_attn::forward::B4_T2048_H16_D128,vanilla_linear_attn,forward,B4_T2048_H16_D128,"[4, 16, 2048, 128, 128]",null,,
vanilla_linear_attn::forward_backward::B4_T2048_H16_D128,vanilla_linear_attn,forward_backward,B4_T2048_H16_D128,"[4, 16, 2048, 128, 128]",null,,
simple_gla::forward::B4_T2048_H16_D128,simple_gla,forward,B4_T2048_H16_D128,"[4, 16, 2048, 128, 128]",null,,
simple_gla::forward_backward::B4_T2048_H16_D128,simple_gla,forward_backward,B4_T2048_H16_D128,"[4, 16, 2048, 128, 128]",null,,
retention::forward::B4_T2048_H16_D128,retention,forward,B4_T2048_H16_D128,"[4, 16, 2048, 128, 128]",null,,
retention::forward_backward::B4_T2048_H16_D128,retention,forward_backward,B4_T2048_H16_D128,"[4, 16, 2048, 128, 128]",null,,
full_gla::forward::B4_T2048_H16_D128,full_gla,forward,B4_T2048_H16_D128,"[4, 16, 2048, 128, 128]",null,,
full_gla::forward_backward::B4_T2048_H16_D128,full_gla,forward_backward,B4_T2048_H16_D128,"[4, 16, 2048, 128, 128]",null,,
delta_rule::forward::B4_T2048_H16_D128,delta_rule,forward,B4_T2048_H16_D128,"[4, 16, 2048, 128, 128]",null,,
delta_rule::forward_backward::B4_T2048_H16_D128,delta_rule,forward_backward,B4_T2048_H16_D128,"[4, 16, 2048, 128, 128]",null,,
gated_delta_rule::forward::B4_T2048_H16_D128,gated_delta_rule,forward,B4_T2048_H16_D128,"[4, 16, 2048, 128, 128]",null,,
gated_delta_rule::forward_backward::B4_T2048_H16_D128,gated_delta_rule,forward_backward,B4_T2048_H16_D128,"[4, 16, 2048, 128, 128]",null,,
kda::forward::B4_T2048_H16_D128,kda,forward,B4_T2048_H16_D128,"[4, 16, 2048, 128, 128]",null,,
kda::forward_backward::B4_T2048_H16_D128,kda,forward_backward,B4_T2048_H16_D128,"[4, 16, 2048, 128, 128]",null,,
kda_fused::forward::B4_T2048_H16_D128,kda_fused,forward,B4_T2048_H16_D128,"[4, 16, 2048, 128, 128]",null,,
vanilla_linear_attn::forward::B4_T4096_H64_D128,vanilla_linear_attn,forward,B4_T4096_H64_D128,"[4, 64, 4096, 128, 128]",null,,
vanilla_linear_attn::forward_backward::B4_T4096_H64_D128,vanilla_linear_attn,forward_backward,B4_T4096_H64_D128,"[4, 64, 4096, 128, 128]",null,,
simple_gla::forward::B4_T4096_H64_D128,simple_gla,forward,B4_T4096_H64_D128,"[4, 64, 4096, 128, 128]",null,,
simple_gla::forward_backward::B4_T4096_H64_D128,simple_gla,forward_backward,B4_T4096_H64_D128,"[4, 64, 4096, 128, 128]",null,,
retention::forward::B4_T4096_H64_D128,retention,forward,B4_T4096_H64_D128,"[4, 64, 4096, 128, 128]",null,,
retention::forward_backward::B4_T4096_H64_D128,retention,forward_backward,B4_T4096_H64_D128,"[4, 64, 4096, 128, 128]",null,,
full_gla::forward::B4_T4096_H64_D128,full_gla,forward,B4_T4096_H64_D128,"[4, 64, 4096, 128, 128]",null,,
full_gla::forward_backward::B4_T4096_H64_D128,full_gla,forward_backward,B4_T4096_H64_D128,"[4, 64, 4096, 128, 128]",null,,
delta_rule::forward::B4_T4096_H64_D128,delta_rule,forward,B4_T4096_H64_D128,"[4, 64, 4096, 128, 128]",null,,
delta_rule::forward_backward::B4_T4096_H64_D128,delta_rule,forward_backward,B4_T4096_H64_D128,"[4, 64, 4096, 128, 128]",null,,
gated_delta_rule::forward::B4_T4096_H64_D128,gated_delta_rule,forward,B4_T4096_H64_D128,"[4, 64, 4096, 128, 128]",null,,
gated_delta_rule::forward_backward::B4_T4096_H64_D128,gated_delta_rule,forward_backward,B4_T4096_H64_D128,"[4, 64, 4096, 128, 128]",null,,
kda::forward::B4_T4096_H64_D128,kda,forward,B4_T4096_H64_D128,"[4, 64, 4096, 128, 128]",null,,
kda::forward_backward::B4_T4096_H64_D128,kda,forward_backward,B4_T4096_H64_D128,"[4, 64, 4096, 128, 128]",null,,
kda_fused::forward::B4_T4096_H64_D128,kda_fused,forward,B4_T4096_H64_D128,"[4, 64, 4096, 128, 128]",null,,
vanilla_linear_attn::forward::B8_T2048_H32_D256,vanilla_linear_attn,forward,B8_T2048_H32_D256,"[8, 32, 2048, 256, 256]",null,,
vanilla_linear_attn::forward_backward::B8_T2048_H32_D256,vanilla_linear_attn,forward_backward,B8_T2048_H32_D256,"[8, 32, 2048, 256, 256]",null,,
simple_gla::forward::B8_T2048_H32_D256,simple_gla,forward,B8_T2048_H32_D256,"[8, 32, 2048, 256, 256]",null,,
simple_gla::forward_backward::B8_T2048_H32_D256,simple_gla,forward_backward,B8_T2048_H32_D256,"[8, 32, 2048, 256, 256]",null,,
retention::forward::B8_T2048_H32_D256,retention,forward,B8_T2048_H32_D256,"[8, 32, 2048, 256, 256]",null,,
retention::forward_backward::B8_T2048_H32_D256,retention,forward_backward,B8_T2048_H32_D256,"[8, 32, 2048, 256, 256]",null,,
full_gla::forward::B8_T2048_H32_D256,full_gla,forward,B8_T2048_H32_D256,"[8, 32, 2048, 256, 256]",null,,
full_gla::forward_backward::B8_T2048_H32_D256,full_gla,forward_backward,B8_T2048_H32_D256,"[8, 32, 2048, 256, 256]",null,,
delta_rule::forward::B8_T2048_H32_D256,delta_rule,forward,B8_T2048_H32_D256,"[8, 32, 2048, 256, 256]",null,,
delta_rule::forward_backward::B8_T2048_H32_D256,delta_rule,forward_backward,B8_T2048_H32_D256,"[8, 32, 2048, 256, 256]",null,,
gated_delta_rule::forward::B8_T2048_H32_D256,gated_delta_rule,forward,B8_T2048_H32_D256,"[8, 32, 2048, 256, 256]",null,,
gated_delta_rule::forward_backward::B8_T2048_H32_D256,gated_delta_rule,forward_backward,B8_T2048_H32_D256,"[8, 32, 2048, 256, 256]",null,,
kda::forward::B8_T2048_H32_D256,kda,forward,B8_T2048_H32_D256,"[8, 32, 2048, 256, 256]",null,,
kda::forward_backward::B8_T2048_H32_D256,kda,forward_backward,B8_T2048_H32_D256,"[8, 32, 2048, 256, 256]",null,,
kda_fused::forward::B8_T2048_H32_D256,kda_fused,forward,B8_T2048_H32_D256,"[8, 32, 2048, 256, 256]",null,,
vanilla_linear_attn::forward::B8_T1024_H8_D64,vanilla_linear_attn,forward,B8_T1024_H8_D64,"[8, 8, 1024, 64, 64]",null,,
vanilla_linear_attn::forward_backward::B8_T1024_H8_D64,vanilla_linear_attn,forward_backward,B8_T1024_H8_D64,"[8, 8, 1024, 64, 64]",null,,
simple_gla::forward::B8_T1024_H8_D64,simple_gla,forward,B8_T1024_H8_D64,"[8, 8, 1024, 64, 64]",null,,
simple_gla::forward_backward::B8_T1024_H8_D64,simple_gla,forward_backward,B8_T1024_H8_D64,"[8, 8, 1024, 64, 64]",null,,
retention::forward::B8_T1024_H8_D64,retention,forward,B8_T1024_H8_D64,"[8, 8, 1024, 64, 64]",null,,
retention::forward_backward::B8_T1024_H8_D64,retention,forward_backward,B8_T1024_H8_D64,"[8, 8, 1024, 64, 64]",null,,
full_gla::forward::B8_T1024_H8_D64,full_gla,forward,B8_T1024_H8_D64,"[8, 8, 1024, 64, 64]",null,,
full_gla::forward_backward::B8_T1024_H8_D64,full_gla,forward_backward,B8_T1024_H8_D64,"[8, 8, 1024, 64, 64]",null,,
delta_rule::forward::B8_T1024_H8_D64,delta_rule,forward,B8_T1024_H8_D64,"[8, 8, 1024, 64, 64]",null,,
delta_rule::forward_backward::B8_T1024_H8_D64,delta_rule,forward_backward,B8_T1024_H8_D64,"[8, 8, 1024, 64, 64]",null,,
gated_delta_rule::forward::B8_T1024_H8_D64,gated_delta_rule,forward,B8_T1024_H8_D64,"[8, 8, 1024, 64, 64]",null,,
gated_delta_rule::forward_backward::B8_T1024_H8_D64,gated_delta_rule,forward_backward,B8_T1024_H8_D64,"[8, 8, 1024, 64, 64]",null,,
kda::forward::B8_T1024_H8_D64,kda,forward,B8_T1024_H8_D64,"[8, 8, 1024, 64, 64]",null,,
kda::forward_backward::B8_T1024_H8_D64,kda,forward_backward,B8_T1024_H8_D64,"[8, 8, 1024, 64, 64]",null,,
kda_fused::forward::B8_T1024_H8_D64,kda_fused,forward,B8_T1024_H8_D64,"[8, 8, 1024, 64, 64]",null,,
kda_varlen::forward::fixed_T8192_H96_D128,kda_varlen,forward,fixed_T8192_H96_D128,null,[8192],96,128
kda_varlen::forward::fixed_T8192_H64_D128,kda_varlen,forward,fixed_T8192_H64_D128,null,[8192],64,128
kda_varlen::forward::ragged_T8192_H96_D128,kda_varlen,forward,ragged_T8192_H96_D128,null,"[1300, 547, 2048, 963, 271, 3063]",96,128
kda_varlen::forward::ragged_T8192_H64_D128,kda_varlen,forward,ragged_T8192_H64_D128,null,"[1300, 547, 2048, 963, 271, 3063]",64,128
kda_varlen::forward::uniform_T8192_H96_D128,kda_varlen,forward,uniform_T8192_H96_D128,null,"[1024, 1024, 1024, 1024, 1024, 1024, 1024, 1024]",96,128
kda_varlen::forward::uniform_T8192_H64_D128,kda_varlen,forward,uniform_T8192_H64_D128,null,"[1024, 1024, 1024, 1024, 1024, 1024, 1024, 1024]",64,128
