cell_key,category,family,family_label,shape_id,dtype,source,status,base_status,torch_compile_status,expected_heuristic,heuristics_fired,compiler_seed_count,default_latency_us,seed_latency_us,torch_compile_latency_us,seed_speedup,torch_compile_speedup_vs_default,default_speedup_vs_torch_compile,seed_speedup_vs_torch_compile,default_config,seed_config,error
plain_matmul:m1_k4096_n4096,formula_matmul,plain_matmul,Plain BF16 matmul,m1_k4096_n4096,bfloat16,model-regime synthetic,ok,ok,ok,triton_h100_formula_matmul,"[""triton_h100_formula_matmul"", ""triton_skinny_gemm""]",10,147.96799421310425,23.135999217629433,28.48000079393387,6.395573963382308,5.195505269951427,0.1924740613359726,1.2309820953067958,"{""atomic_indexing"": [], ""block_sizes"": [1, 16, 16], ""indexing"": [""pointer"", ""pointer"", ""pointer""], ""l2_groupings"": [1], ""load_eviction_policies"": ["""", """"], ""loop_orders"": [[0, 1]], ""num_stages"": 1, ""num_warps"": 4, ""pid_type"": ""flat"", ""range_flattens"": [null, null], ""range_multi_buffers"": [null, null], ""range_num_stages"": [0, 0], ""range_unroll_factors"": [0, 0], ""range_warp_specializes"": []}","{""atomic_indexing"": [], ""block_sizes"": [16, 32, 256], ""indexing"": [""pointer"", ""pointer"", ""pointer""], ""l2_groupings"": [1], ""load_eviction_policies"": ["""", """"], ""loop_orders"": [[0, 1]], ""num_stages"": 6, ""num_warps"": 2, ""pid_type"": ""flat"", ""range_flattens"": [null, null], ""range_multi_buffers"": [null, null], ""range_num_stages"": [0, 0], ""range_unroll_factors"": [0, 0], ""range_warp_specializes"": []}",
plain_matmul:m32_k4096_n11008,formula_matmul,plain_matmul,Plain BF16 matmul,m32_k4096_n11008,bfloat16,model-regime synthetic,ok,ok,ok,triton_h100_formula_matmul,"[""triton_h100_formula_matmul"", ""triton_skinny_gemm""]",10,160.92799603939056,46.751998364925385,44.704001396894455,3.4421629377905503,3.599856634993978,0.2777888403329909,0.956194450726038,"{""atomic_indexing"": [], ""block_sizes"": [16, 16, 16], ""indexing"": [""pointer"", ""pointer"", ""pointer""], ""l2_groupings"": [1], ""load_eviction_policies"": ["""", """"], ""loop_orders"": [[0, 1]], ""num_stages"": 1, ""num_warps"": 4, ""pid_type"": ""flat"", ""range_flattens"": [null, null], ""range_multi_buffers"": [null, null], ""range_num_stages"": [0, 0], ""range_unroll_factors"": [0, 0], ""range_warp_specializes"": []}","{""atomic_indexing"": [], ""block_sizes"": [32, 128, 128], ""indexing"": [""pointer"", ""pointer"", ""pointer""], ""l2_groupings"": [1], ""load_eviction_policies"": ["""", """"], ""loop_orders"": [[0, 1]], ""num_stages"": 5, ""num_warps"": 4, ""pid_type"": ""flat"", ""range_flattens"": [null, null], ""range_multi_buffers"": [null, null], ""range_num_stages"": [0, 0], ""range_unroll_factors"": [0, 0], ""range_warp_specializes"": []}",
plain_matmul:m512_k4096_n4096,formula_matmul,plain_matmul,Plain BF16 matmul,m512_k4096_n4096,bfloat16,model-regime synthetic,ok,ok,ok,triton_h100_formula_matmul,"[""triton_h100_formula_matmul"", ""triton_skinny_gemm""]",10,677.1199703216553,33.1839993596077,34.11199897527695,20.405013964225805,19.84990591763343,0.05037807252837717,1.0279652734323166,"{""atomic_indexing"": [], ""block_sizes"": [16, 16, 16], ""indexing"": [""pointer"", ""pointer"", ""pointer""], ""l2_groupings"": [1], ""load_eviction_policies"": ["""", """"], ""loop_orders"": [[0, 1]], ""num_stages"": 1, ""num_warps"": 4, ""pid_type"": ""flat"", ""range_flattens"": [null, null], ""range_multi_buffers"": [null, null], ""range_num_stages"": [0, 0], ""range_unroll_factors"": [0, 0], ""range_warp_specializes"": []}","{""atomic_indexing"": [], ""block_sizes"": [128, 128, 64], ""indexing"": [""pointer"", ""pointer"", ""pointer""], ""l2_groupings"": [1], ""load_eviction_policies"": ["""", """"], ""loop_orders"": [[0, 1]], ""num_stages"": 6, ""num_warps"": 8, ""pid_type"": ""flat"", ""range_flattens"": [null, null], ""range_multi_buffers"": [null, null], ""range_num_stages"": [0, 0], ""range_unroll_factors"": [0, 0], ""range_warp_specializes"": []}",
plain_matmul:m4096_k4096_n11008,formula_matmul,plain_matmul,Plain BF16 matmul,m4096_k4096_n11008,bfloat16,model-regime synthetic,ok,ok,ok,triton_h100_formula_matmul,"[""triton_h100_formula_matmul""]",9,13300.335884094238,577.3760080337524,548.8319993019104,23.035830548949175,24.233892887097813,0.04126452174476691,0.9505625305958793,"{""atomic_indexing"": [], ""block_sizes"": [16, 16, 16], ""indexing"": [""pointer"", ""pointer"", ""pointer""], ""l2_groupings"": [1], ""load_eviction_policies"": ["""", """"], ""loop_orders"": [[0, 1]], ""num_stages"": 1, ""num_warps"": 4, ""pid_type"": ""flat"", ""range_flattens"": [null, null], ""range_multi_buffers"": [null, null], ""range_num_stages"": [0, 0], ""range_unroll_factors"": [0, 0], ""range_warp_specializes"": []}","{""atomic_indexing"": [], ""block_sizes"": [128, 256, 64], ""indexing"": [""pointer"", ""pointer"", ""pointer""], ""l2_groupings"": [1], ""load_eviction_policies"": ["""", """"], ""loop_orders"": [[0, 1]], ""num_stages"": 4, ""num_warps"": 8, ""pid_type"": ""flat"", ""range_flattens"": [null, null], ""range_multi_buffers"": [null, null], ""range_num_stages"": [0, 0], ""range_unroll_factors"": [0, 0], ""range_warp_specializes"": []}",
plain_matmul:m4096_k11008_n4096,formula_matmul,plain_matmul,Plain BF16 matmul,m4096_k11008_n4096,bfloat16,model-regime synthetic,ok,ok,ok,triton_h100_formula_matmul,"[""triton_h100_formula_matmul""]",9,13651.648044586182,544.6079969406128,540.0000214576721,25.066925423929895,25.280828707626757,0.039555665344875285,0.9915389132939171,"{""atomic_indexing"": [], ""block_sizes"": [16, 16, 16], ""indexing"": [""pointer"", ""pointer"", ""pointer""], ""l2_groupings"": [1], ""load_eviction_policies"": ["""", """"], ""loop_orders"": [[0, 1]], ""num_stages"": 1, ""num_warps"": 4, ""pid_type"": ""flat"", ""range_flattens"": [null, null], ""range_multi_buffers"": [null, null], ""range_num_stages"": [0, 0], ""range_unroll_factors"": [0, 0], ""range_warp_specializes"": []}","{""atomic_indexing"": [], ""block_sizes"": [128, 256, 64], ""indexing"": [""pointer"", ""pointer"", ""pointer""], ""l2_groupings"": [1], ""load_eviction_policies"": ["""", """"], ""loop_orders"": [[0, 1]], ""num_stages"": 4, ""num_warps"": 8, ""pid_type"": ""flat"", ""range_flattens"": [null, null], ""range_multi_buffers"": [null, null], ""range_num_stages"": [0, 0], ""range_unroll_factors"": [0, 0], ""range_warp_specializes"": []}",
bf16xint16_gemm:m1_k4096_n4096,formula_matmul,bf16xint16_gemm,BF16 x INT16 GEMM,m1_k4096_n4096,bfloat16,published B200 held-out,ok,ok,ok,triton_h100_formula_matmul,"[""triton_h100_formula_matmul"", ""triton_skinny_gemm""]",10,148.51200580596924,25.599999353289604,28.384000062942505,5.801250373347584,5.232243710422728,0.1911225958393301,1.1087500304680733,"{""atomic_indexing"": [], ""block_sizes"": [1, 16, 16], ""indexing"": [""pointer"", ""pointer"", ""pointer""], ""l2_groupings"": [1], ""load_eviction_policies"": ["""", """"], ""loop_orders"": [[0, 1]], ""num_stages"": 1, ""num_warps"": 4, ""pid_type"": ""flat"", ""range_flattens"": [null, null], ""range_multi_buffers"": [null, null], ""range_num_stages"": [0, 0], ""range_unroll_factors"": [0, 0], ""range_warp_specializes"": []}","{""atomic_indexing"": [], ""block_sizes"": [16, 32, 256], ""indexing"": [""pointer"", ""pointer"", ""pointer""], ""l2_groupings"": [1], ""load_eviction_policies"": ["""", """"], ""loop_orders"": [[0, 1]], ""num_stages"": 6, ""num_warps"": 2, ""pid_type"": ""flat"", ""range_flattens"": [null, null], ""range_multi_buffers"": [null, null], ""range_num_stages"": [0, 0], ""range_unroll_factors"": [0, 0], ""range_warp_specializes"": []}",
bf16xint16_gemm:m32_k4096_n11008,formula_matmul,bf16xint16_gemm,BF16 x INT16 GEMM,m32_k4096_n11008,bfloat16,published B200 held-out,ok,ok,ok,triton_h100_formula_matmul,"[""triton_h100_formula_matmul"", ""triton_skinny_gemm""]",10,160.38399934768677,49.47200044989586,49.12000149488449,3.2419145757026766,3.2651464671553327,0.3062649746524914,0.9928848853531228,"{""atomic_indexing"": [], ""block_sizes"": [16, 16, 16], ""indexing"": [""pointer"", ""pointer"", ""pointer""], ""l2_groupings"": [1], ""load_eviction_policies"": ["""", """"], ""loop_orders"": [[0, 1]], ""num_stages"": 1, ""num_warps"": 4, ""pid_type"": ""flat"", ""range_flattens"": [null, null], ""range_multi_buffers"": [null, null], ""range_num_stages"": [0, 0], ""range_unroll_factors"": [0, 0], ""range_warp_specializes"": []}","{""atomic_indexing"": [], ""block_sizes"": [32, 128, 128], ""indexing"": [""pointer"", ""pointer"", ""pointer""], ""l2_groupings"": [1], ""load_eviction_policies"": ["""", """"], ""loop_orders"": [[0, 1]], ""num_stages"": 5, ""num_warps"": 4, ""pid_type"": ""flat"", ""range_flattens"": [null, null], ""range_multi_buffers"": [null, null], ""range_num_stages"": [0, 0], ""range_unroll_factors"": [0, 0], ""range_warp_specializes"": []}",
bf16xint16_gemm:m512_k4096_n4096,formula_matmul,bf16xint16_gemm,BF16 x INT16 GEMM,m512_k4096_n4096,bfloat16,published B200 held-out,ok,ok,ok,triton_h100_formula_matmul,"[""triton_h100_formula_matmul"", ""triton_skinny_gemm""]",10,680.5440187454224,63.58399987220764,57.53599852323532,10.703070271030336,11.82814300981657,0.0845441249036359,0.9048817098463809,"{""atomic_indexing"": [], ""block_sizes"": [16, 16, 16], ""indexing"": [""pointer"", ""pointer"", ""pointer""], ""l2_groupings"": [1], ""load_eviction_policies"": ["""", """"], ""loop_orders"": [[0, 1]], ""num_stages"": 1, ""num_warps"": 4, ""pid_type"": ""flat"", ""range_flattens"": [null, null], ""range_multi_buffers"": [null, null], ""range_num_stages"": [0, 0], ""range_unroll_factors"": [0, 0], ""range_warp_specializes"": []}","{""atomic_indexing"": [], ""block_sizes"": [128, 128, 64], ""indexing"": [""pointer"", ""pointer"", ""pointer""], ""l2_groupings"": [1], ""load_eviction_policies"": ["""", """"], ""loop_orders"": [[0, 1]], ""num_stages"": 6, ""num_warps"": 8, ""pid_type"": ""flat"", ""range_flattens"": [null, null], ""range_multi_buffers"": [null, null], ""range_num_stages"": [0, 0], ""range_unroll_factors"": [0, 0], ""range_warp_specializes"": []}",
bf16xint16_gemm:m4096_k4096_n11008,formula_matmul,bf16xint16_gemm,BF16 x INT16 GEMM,m4096_k4096_n11008,bfloat16,published B200 held-out,ok,ok,ok,triton_h100_formula_matmul,"[""triton_h100_formula_matmul""]",9,13297.151565551758,1135.6799602508545,597.0879793167114,11.70853764348771,22.270003795367973,0.044903449913555646,0.5257537336353313,"{""atomic_indexing"": [], ""block_sizes"": [16, 16, 16], ""indexing"": [""pointer"", ""pointer"", ""pointer""], ""l2_groupings"": [1], ""load_eviction_policies"": ["""", """"], ""loop_orders"": [[0, 1]], ""num_stages"": 1, ""num_warps"": 4, ""pid_type"": ""flat"", ""range_flattens"": [null, null], ""range_multi_buffers"": [null, null], ""range_num_stages"": [0, 0], ""range_unroll_factors"": [0, 0], ""range_warp_specializes"": []}","{""atomic_indexing"": [], ""block_sizes"": [128, 256, 64], ""indexing"": [""pointer"", ""pointer"", ""pointer""], ""l2_groupings"": [1], ""load_eviction_policies"": ["""", """"], ""loop_orders"": [[0, 1]], ""num_stages"": 4, ""num_warps"": 8, ""pid_type"": ""flat"", ""range_flattens"": [null, null], ""range_multi_buffers"": [null, null], ""range_num_stages"": [0, 0], ""range_unroll_factors"": [0, 0], ""range_warp_specializes"": []}",
bf16xint16_gemm:m65536_k1024_n1280,formula_matmul,bf16xint16_gemm,BF16 x INT16 GEMM,m65536_k1024_n1280,bfloat16,published B200 held-out,ok,ok,ok,triton_h100_formula_matmul,"[""triton_h100_formula_matmul"", ""triton_skinny_gemm""]",9,7561.247825622559,560.1599812507629,284.43199396133423,13.498372034252242,26.58367548711991,0.03761707069003725,0.5077692150128885,"{""atomic_indexing"": [], ""block_sizes"": [16, 16, 16], ""indexing"": [""pointer"", ""pointer"", ""pointer""], ""l2_groupings"": [1], ""load_eviction_policies"": ["""", """"], ""loop_orders"": [[0, 1]], ""num_stages"": 1, ""num_warps"": 4, ""pid_type"": ""flat"", ""range_flattens"": [null, null], ""range_multi_buffers"": [null, null], ""range_num_stages"": [0, 0], ""range_unroll_factors"": [0, 0], ""range_warp_specializes"": []}","{""atomic_indexing"": [], ""block_sizes"": [128, 256, 64], ""indexing"": [""pointer"", ""pointer"", ""pointer""], ""l2_groupings"": [2], ""load_eviction_policies"": ["""", """"], ""loop_orders"": [[0, 1]], ""num_stages"": 4, ""num_warps"": 8, ""pid_type"": ""flat"", ""range_flattens"": [null, null], ""range_multi_buffers"": [null, null], ""range_num_stages"": [0, 0], ""range_unroll_factors"": [0, 0], ""range_warp_specializes"": []}",
broadcast_matmul:b32_m1_k4096_n4096,formula_matmul,broadcast_matmul,Broadcast matmul,b32_m1_k4096_n4096,bfloat16,published B200 held-out,ok,ok,ok,triton_h100_formula_matmul,"[""triton_h100_formula_matmul"", ""triton_skinny_gemm""]",10,150.78400075435638,25.312000885605812,26.815999299287796,5.957016256273237,5.622911869570381,0.17784379751916776,1.0594183928990484,"{""atomic_indexing"": [], ""block_sizes"": [16, 16, 16], ""indexing"": [""pointer"", ""pointer"", ""pointer""], ""l2_groupings"": [1], ""load_eviction_policies"": ["""", """"], ""loop_orders"": [[0, 1]], ""num_stages"": 1, ""num_warps"": 4, ""pid_type"": ""flat"", ""range_flattens"": [null, null], ""range_multi_buffers"": [null, null], ""range_num_stages"": [0, 0], ""range_unroll_factors"": [0, 0], ""range_warp_specializes"": []}","{""atomic_indexing"": [], ""block_sizes"": [32, 32, 256], ""indexing"": [""pointer"", ""pointer"", ""pointer""], ""l2_groupings"": [1], ""load_eviction_policies"": ["""", """"], ""loop_orders"": [[0, 1]], ""num_stages"": 4, ""num_warps"": 2, ""pid_type"": ""flat"", ""range_flattens"": [null, null], ""range_multi_buffers"": [null, null], ""range_num_stages"": [0, 0], ""range_unroll_factors"": [0, 0], ""range_warp_specializes"": []}",
broadcast_matmul:b8_m128_k4096_n11008,formula_matmul,broadcast_matmul,Broadcast matmul,b8_m128_k4096_n11008,bfloat16,published B200 held-out,ok,ok,ok,triton_h100_formula_matmul,"[""triton_h100_formula_matmul"", ""triton_skinny_gemm""]",10,3415.679931640625,145.456001162529,146.5280055999756,23.48256451670239,23.31076518549976,0.04289863468840741,1.0073699567489742,"{""atomic_indexing"": [], ""block_sizes"": [16, 16, 16], ""indexing"": [""pointer"", ""pointer"", ""pointer""], ""l2_groupings"": [1], ""load_eviction_policies"": ["""", """"], ""loop_orders"": [[0, 1]], ""num_stages"": 1, ""num_warps"": 4, ""pid_type"": ""flat"", ""range_flattens"": [null, null], ""range_multi_buffers"": [null, null], ""range_num_stages"": [0, 0], ""range_unroll_factors"": [0, 0], ""range_warp_specializes"": []}","{""atomic_indexing"": [], ""block_sizes"": [128, 256, 64], ""indexing"": [""pointer"", ""pointer"", ""pointer""], ""l2_groupings"": [1], ""load_eviction_policies"": ["""", """"], ""loop_orders"": [[0, 1]], ""num_stages"": 4, ""num_warps"": 8, ""pid_type"": ""flat"", ""range_flattens"": [null, null], ""range_multi_buffers"": [null, null], ""range_num_stages"": [0, 0], ""range_unroll_factors"": [0, 0], ""range_warp_specializes"": []}",
broadcast_matmul:b16_m512_k768_n1024,formula_matmul,broadcast_matmul,Broadcast matmul,b16_m512_k768_n1024,bfloat16,published B200 held-out,ok,ok,ok,triton_h100_formula_matmul,"[""triton_h100_formula_matmul"", ""triton_skinny_gemm""]",9,477.9199957847595,29.983999207615852,29.600000008940697,15.939167836669672,16.145945798662282,0.06193505245650284,0.987193196077139,"{""atomic_indexing"": [], ""block_sizes"": [16, 16, 16], ""indexing"": [""pointer"", ""pointer"", ""pointer""], ""l2_groupings"": [1], ""load_eviction_policies"": ["""", """"], ""loop_orders"": [[0, 1]], ""num_stages"": 1, ""num_warps"": 4, ""pid_type"": ""flat"", ""range_flattens"": [null, null], ""range_multi_buffers"": [null, null], ""range_num_stages"": [0, 0], ""range_unroll_factors"": [0, 0], ""range_warp_specializes"": []}","{""atomic_indexing"": [], ""block_sizes"": [128, 256, 64], ""indexing"": [""pointer"", ""pointer"", ""pointer""], ""l2_groupings"": [2], ""load_eviction_policies"": ["""", """"], ""loop_orders"": [[0, 1]], ""num_stages"": 4, ""num_warps"": 8, ""pid_type"": ""flat"", ""range_flattens"": [null, null], ""range_multi_buffers"": [null, null], ""range_num_stages"": [0, 0], ""range_unroll_factors"": [0, 0], ""range_warp_specializes"": []}",
broadcast_matmul:b4_m1024_k4096_n4096,formula_matmul,broadcast_matmul,Broadcast matmul,b4_m1024_k4096_n4096,bfloat16,published B200 held-out,ok,ok,ok,triton_h100_formula_matmul,"[""triton_h100_formula_matmul""]",9,5159.96789932251,204.41600680351257,205.1839977502823,25.242484578432943,25.148003528045162,0.03976458802722831,1.00375700004505,"{""atomic_indexing"": [], ""block_sizes"": [16, 16, 16], ""indexing"": [""pointer"", ""pointer"", ""pointer""], ""l2_groupings"": [1], ""load_eviction_policies"": ["""", """"], ""loop_orders"": [[0, 1]], ""num_stages"": 1, ""num_warps"": 4, ""pid_type"": ""flat"", ""range_flattens"": [null, null], ""range_multi_buffers"": [null, null], ""range_num_stages"": [0, 0], ""range_unroll_factors"": [0, 0], ""range_warp_specializes"": []}","{""atomic_indexing"": [], ""block_sizes"": [128, 256, 64], ""indexing"": [""pointer"", ""pointer"", ""pointer""], ""l2_groupings"": [1], ""load_eviction_policies"": ["""", """"], ""loop_orders"": [[0, 1]], ""num_stages"": 4, ""num_warps"": 8, ""pid_type"": ""flat"", ""range_flattens"": [null, null], ""range_multi_buffers"": [null, null], ""range_num_stages"": [0, 0], ""range_unroll_factors"": [0, 0], ""range_warp_specializes"": []}",
broadcast_matmul:b64_m16_k1024_n4096,formula_matmul,broadcast_matmul,Broadcast matmul,b64_m16_k1024_n4096,bfloat16,published B200 held-out,ok,ok,ok,triton_h100_formula_matmul,"[""triton_h100_formula_matmul""]",9,334.1120034456253,19.42400075495243,23.231999948620796,17.200987976714252,14.381542879844075,0.06953356871059457,1.1960460793689713,"{""atomic_indexing"": [], ""block_sizes"": [16, 16, 16], ""indexing"": [""pointer"", ""pointer"", ""pointer""], ""l2_groupings"": [1], ""load_eviction_policies"": ["""", """"], ""loop_orders"": [[0, 1]], ""num_stages"": 1, ""num_warps"": 4, ""pid_type"": ""flat"", ""range_flattens"": [null, null], ""range_multi_buffers"": [null, null], ""range_num_stages"": [0, 0], ""range_unroll_factors"": [0, 0], ""range_warp_specializes"": []}","{""atomic_indexing"": [], ""block_sizes"": [128, 256, 64], ""indexing"": [""pointer"", ""pointer"", ""pointer""], ""l2_groupings"": [1], ""load_eviction_policies"": ["""", """"], ""loop_orders"": [[0, 1]], ""num_stages"": 4, ""num_warps"": 8, ""pid_type"": ""flat"", ""range_flattens"": [null, null], ""range_multi_buffers"": [null, null], ""range_num_stages"": [0, 0], ""range_unroll_factors"": [0, 0], ""range_warp_specializes"": []}",
gather_gemv:b8_s2048_n2,formula_matmul,gather_gemv,Gather GEMV,b8_s2048_n2,bfloat16,published B200 held-out diagnostic,ok,ok,ok,triton_h100_formula_matmul,"[""triton_h100_formula_matmul""]",7,47.71199822425842,14.816000126302242,23.520000278949738,3.220302228504794,2.028571329013137,0.49295777067227003,1.5874730074546664,"{""atomic_indexing"": [], ""block_sizes"": [32, 32], ""indexing"": [""pointer"", ""pointer"", ""pointer"", ""pointer""], ""load_eviction_policies"": ["""", """", """"], ""num_stages"": 1, ""num_warps"": 4, ""pid_type"": ""flat"", ""range_flattens"": [null, null], ""range_multi_buffers"": [null, null], ""range_num_stages"": [0, 0], ""range_unroll_factors"": [0, 0], ""range_warp_specializes"": []}","{""atomic_indexing"": [], ""block_sizes"": [32, 256], ""indexing"": [""pointer"", ""pointer"", ""pointer"", ""pointer""], ""load_eviction_policies"": ["""", """", """"], ""num_stages"": 5, ""num_warps"": 1, ""pid_type"": ""flat"", ""range_flattens"": [null, null], ""range_multi_buffers"": [null, null], ""range_num_stages"": [0, 0], ""range_unroll_factors"": [0, 0], ""range_warp_specializes"": []}",
gather_gemv:b8_s4096_n2,formula_matmul,gather_gemv,Gather GEMV,b8_s4096_n2,bfloat16,published B200 held-out diagnostic,ok,ok,ok,triton_h100_formula_matmul,"[""triton_h100_formula_matmul""]",7,99.07200187444687,36.80000081658363,29.983999207615852,2.6921739042408075,3.304162369684257,0.302648565087181,0.8147825690836343,"{""atomic_indexing"": [], ""block_sizes"": [32, 32], ""indexing"": [""pointer"", ""pointer"", ""pointer"", ""pointer""], ""load_eviction_policies"": ["""", """", """"], ""num_stages"": 1, ""num_warps"": 4, ""pid_type"": ""flat"", ""range_flattens"": [null, null], ""range_multi_buffers"": [null, null], ""range_num_stages"": [0, 0], ""range_unroll_factors"": [0, 0], ""range_warp_specializes"": []}","{""atomic_indexing"": [], ""block_sizes"": [64, 256], ""indexing"": [""pointer"", ""pointer"", ""pointer"", ""pointer""], ""load_eviction_policies"": ["""", """", """"], ""num_stages"": 5, ""num_warps"": 1, ""pid_type"": ""flat"", ""range_flattens"": [null, null], ""range_multi_buffers"": [null, null], ""range_num_stages"": [0, 0], ""range_unroll_factors"": [0, 0], ""range_warp_specializes"": []}",
gather_gemv:b8_s8192_n2,formula_matmul,gather_gemv,Gather GEMV,b8_s8192_n2,bfloat16,published B200 held-out diagnostic,ok,ok,ok,triton_h100_formula_matmul,"[""triton_h100_formula_matmul""]",6,216.70399606227875,108.0000028014183,94.7519987821579,2.0065184300109378,2.2870651685195353,0.4372415853140384,0.877333299299818,"{""atomic_indexing"": [], ""block_sizes"": [32, 32], ""indexing"": [""pointer"", ""pointer"", ""pointer"", ""pointer""], ""load_eviction_policies"": ["""", """", """"], ""num_stages"": 1, ""num_warps"": 4, ""pid_type"": ""flat"", ""range_flattens"": [null, null], ""range_multi_buffers"": [null, null], ""range_num_stages"": [0, 0], ""range_unroll_factors"": [0, 0], ""range_warp_specializes"": []}","{""atomic_indexing"": [], ""block_sizes"": [128, 128], ""indexing"": [""pointer"", ""pointer"", ""pointer"", ""pointer""], ""load_eviction_policies"": ["""", """", """"], ""num_stages"": 6, ""num_warps"": 4, ""pid_type"": ""flat"", ""range_flattens"": [null, null], ""range_multi_buffers"": [null, null], ""range_num_stages"": [0, 0], ""range_unroll_factors"": [0, 0], ""range_warp_specializes"": []}",
gather_gemv:b8_s14336_n2,formula_matmul,gather_gemv,Gather GEMV,b8_s14336_n2,bfloat16,published B200 held-out diagnostic,ok,ok,ok,triton_h100_formula_matmul,"[""triton_h100_formula_matmul""]",6,504.1919946670532,339.711993932724,269.8560059070587,1.4841748412536255,1.8683741833809782,0.5352246936908629,0.7943670247936567,"{""atomic_indexing"": [], ""block_sizes"": [32, 32], ""indexing"": [""pointer"", ""pointer"", ""pointer"", ""pointer""], ""load_eviction_policies"": ["""", """", """"], ""num_stages"": 1, ""num_warps"": 4, ""pid_type"": ""flat"", ""range_flattens"": [null, null], ""range_multi_buffers"": [null, null], ""range_num_stages"": [0, 0], ""range_unroll_factors"": [0, 0], ""range_warp_specializes"": []}","{""atomic_indexing"": [], ""block_sizes"": [256, 64], ""indexing"": [""pointer"", ""pointer"", ""pointer"", ""pointer""], ""load_eviction_policies"": ["""", """", """"], ""num_stages"": 6, ""num_warps"": 4, ""pid_type"": ""flat"", ""range_flattens"": [null, null], ""range_multi_buffers"": [null, null], ""range_num_stages"": [0, 0], ""range_unroll_factors"": [0, 0], ""range_warp_specializes"": []}",
gather_gemv:b64_s4096_n8,formula_matmul,gather_gemv,Gather GEMV,b64_s4096_n8,bfloat16,published B200 held-out diagnostic,ok,ok,ok,triton_h100_formula_matmul,"[""triton_h100_formula_matmul""]",6,173.47200214862823,115.80800265073776,95.16800194978714,1.4979275885777754,1.8227975642501786,0.5486072724764461,0.8217739687368735,"{""atomic_indexing"": [], ""block_sizes"": [32, 32], ""indexing"": [""pointer"", ""pointer"", ""pointer"", ""pointer""], ""load_eviction_policies"": ["""", """", """"], ""num_stages"": 1, ""num_warps"": 4, ""pid_type"": ""flat"", ""range_flattens"": [null, null], ""range_multi_buffers"": [null, null], ""range_num_stages"": [0, 0], ""range_unroll_factors"": [0, 0], ""range_warp_specializes"": []}","{""atomic_indexing"": [], ""block_sizes"": [256, 64], ""indexing"": [""pointer"", ""pointer"", ""pointer"", ""pointer""], ""load_eviction_policies"": ["""", """", """"], ""num_stages"": 6, ""num_warps"": 4, ""pid_type"": ""flat"", ""range_flattens"": [null, null], ""range_multi_buffers"": [null, null], ""range_num_stages"": [0, 0], ""range_unroll_factors"": [0, 0], ""range_warp_specializes"": []}",
mamba2_chunk_state:b1_h64_g8_t8192_c64_d64_s128,formula_matmul,mamba2_chunk_state,Mamba-2 chunk state,b1_h64_g8_t8192_c64_d64_s128,bfloat16,published state-space regime,ok,ok,ok,triton_h100_formula_matmul,"[""triton_h100_formula_matmul""]",6,422.06400632858276,121.10399827361107,218.55999529361725,3.4851368439133674,1.9311128084605544,0.5178361386340659,1.8047298058634134,"{""atomic_indexing"": [], ""block_sizes"": [16, 16, 16], ""indexing"": [""pointer"", ""pointer"", ""pointer"", ""pointer"", ""pointer"", ""pointer""], ""l2_groupings"": [1], ""load_eviction_policies"": ["""", """", """", """", """"], ""loop_orders"": [[0, 1, 2, 3, 4]], ""num_stages"": 1, ""num_warps"": 4, ""pid_type"": ""flat"", ""range_flattens"": [null, null], ""range_multi_buffers"": [null, null], ""range_num_stages"": [0, 0], ""range_unroll_factors"": [0, 0], ""range_warp_specializes"": []}","{""atomic_indexing"": [], ""block_sizes"": [64, 128, 16], ""indexing"": [""pointer"", ""pointer"", ""pointer"", ""pointer"", ""pointer"", ""pointer""], ""l2_groupings"": [1], ""load_eviction_policies"": ["""", """", """", """", """"], ""loop_orders"": [[0, 1, 2, 3, 4]], ""num_stages"": 2, ""num_warps"": 2, ""pid_type"": ""flat"", ""range_flattens"": [null, null], ""range_multi_buffers"": [null, null], ""range_num_stages"": [0, 0], ""range_unroll_factors"": [0, 0], ""range_warp_specializes"": []}",
mamba2_chunk_state:b2_h32_g8_t8192_c128_d128_s256,formula_matmul,mamba2_chunk_state,Mamba-2 chunk state,b2_h32_g8_t8192_c128_d128_s256,bfloat16,published state-space regime,ok,ok,ok,triton_h100_formula_matmul,"[""triton_h100_formula_matmul""]",9,1491.711974143982,276.5440046787262,446.4159905910492,5.39412154632306,3.3415289899651084,0.29926420001235476,1.6142674693297765,"{""atomic_indexing"": [], ""block_sizes"": [16, 16, 16], ""indexing"": [""pointer"", ""pointer"", ""pointer"", ""pointer"", ""pointer"", ""pointer""], ""l2_groupings"": [1], ""load_eviction_policies"": ["""", """", """", """", """"], ""loop_orders"": [[0, 1, 2, 3, 4]], ""num_stages"": 1, ""num_warps"": 4, ""pid_type"": ""flat"", ""range_flattens"": [null, null], ""range_multi_buffers"": [null, null], ""range_num_stages"": [0, 0], ""range_unroll_factors"": [0, 0], ""range_warp_specializes"": []}","{""atomic_indexing"": [], ""block_sizes"": [128, 128, 32], ""indexing"": [""pointer"", ""pointer"", ""pointer"", ""pointer"", ""pointer"", ""pointer""], ""l2_groupings"": [1], ""load_eviction_policies"": ["""", """", """", """", """"], ""loop_orders"": [[0, 1, 2, 3, 4]], ""num_stages"": 2, ""num_warps"": 4, ""pid_type"": ""flat"", ""range_flattens"": [null, null], ""range_multi_buffers"": [null, null], ""range_num_stages"": [0, 0], ""range_unroll_factors"": [0, 0], ""range_warp_specializes"": []}",
mamba2_chunk_state:b4_h64_g8_t4096_c128_d64_s128,formula_matmul,mamba2_chunk_state,Mamba-2 chunk state,b4_h64_g8_t4096_c128_d64_s128,bfloat16,published state-space regime,ok,ok,ok,triton_h100_formula_matmul,"[""triton_h100_formula_matmul""]",8,755.1680207252502,157.53600001335144,387.7120018005371,4.793621906492792,1.94775507907479,0.5134115735305969,2.461100965923204,"{""atomic_indexing"": [], ""block_sizes"": [16, 16, 16], ""indexing"": [""pointer"", ""pointer"", ""pointer"", ""pointer"", ""pointer"", ""pointer""], ""l2_groupings"": [1], ""load_eviction_policies"": ["""", """", """", """", """"], ""loop_orders"": [[0, 1, 2, 3, 4]], ""num_stages"": 1, ""num_warps"": 4, ""pid_type"": ""flat"", ""range_flattens"": [null, null], ""range_multi_buffers"": [null, null], ""range_num_stages"": [0, 0], ""range_unroll_factors"": [0, 0], ""range_warp_specializes"": []}","{""atomic_indexing"": [], ""block_sizes"": [64, 128, 32], ""indexing"": [""pointer"", ""pointer"", ""pointer"", ""pointer"", ""pointer"", ""pointer""], ""l2_groupings"": [1], ""load_eviction_policies"": ["""", """", """", """", """"], ""loop_orders"": [[0, 1, 2, 3, 4]], ""num_stages"": 2, ""num_warps"": 2, ""pid_type"": ""flat"", ""range_flattens"": [null, null], ""range_multi_buffers"": [null, null], ""range_num_stages"": [0, 0], ""range_unroll_factors"": [0, 0], ""range_warp_specializes"": []}",
mamba2_chunk_state:b8_h32_g4_t2048_c256_d64_s128,formula_matmul,mamba2_chunk_state,Mamba-2 chunk state,b8_h32_g4_t2048_c256_d64_s128,bfloat16,published state-space regime,ok,ok,ok,triton_h100_formula_matmul,"[""triton_h100_formula_matmul""]",7,369.4080114364624,54.62399870157242,193.05600225925446,6.762742022140326,1.9134759194919266,0.5226091375456262,3.53427077563432,"{""atomic_indexing"": [], ""block_sizes"": [16, 16, 16], ""indexing"": [""pointer"", ""pointer"", ""pointer"", ""pointer"", ""pointer"", ""pointer""], ""l2_groupings"": [1], ""load_eviction_policies"": ["""", """", """", """", """"], ""loop_orders"": [[0, 1, 2, 3, 4]], ""num_stages"": 1, ""num_warps"": 4, ""pid_type"": ""flat"", ""range_flattens"": [null, null], ""range_multi_buffers"": [null, null], ""range_num_stages"": [0, 0], ""range_unroll_factors"": [0, 0], ""range_warp_specializes"": []}","{""atomic_indexing"": [], ""block_sizes"": [64, 128, 64], ""indexing"": [""pointer"", ""pointer"", ""pointer"", ""pointer"", ""pointer"", ""pointer""], ""l2_groupings"": [1], ""load_eviction_policies"": ["""", """", """", """", """"], ""loop_orders"": [[0, 1, 2, 3, 4]], ""num_stages"": 2, ""num_warps"": 4, ""pid_type"": ""flat"", ""range_flattens"": [null, null], ""range_multi_buffers"": [null, null], ""range_num_stages"": [0, 0], ""range_unroll_factors"": [0, 0], ""range_warp_specializes"": []}",
mamba2_chunk_state:b8_h80_g1_t4096_c256_d64_s128,formula_matmul,mamba2_chunk_state,Mamba-2 chunk state,b8_h80_g1_t4096_c256_d64_s128,bfloat16,published state-space regime,ok,ok,ok,triton_h100_formula_matmul,"[""triton_h100_formula_matmul""]",7,1780.1599502563477,228.99200022220612,859.3759834766388,7.773895806530099,2.0714564806135747,0.4827521163774561,3.7528646531002363,"{""atomic_indexing"": [], ""block_sizes"": [16, 16, 16], ""indexing"": [""pointer"", ""pointer"", ""pointer"", ""pointer"", ""pointer"", ""pointer""], ""l2_groupings"": [1], ""load_eviction_policies"": ["""", """", """", """", """"], ""loop_orders"": [[0, 1, 2, 3, 4]], ""num_stages"": 1, ""num_warps"": 4, ""pid_type"": ""flat"", ""range_flattens"": [null, null], ""range_multi_buffers"": [null, null], ""range_num_stages"": [0, 0], ""range_unroll_factors"": [0, 0], ""range_warp_specializes"": []}","{""atomic_indexing"": [], ""block_sizes"": [64, 128, 64], ""indexing"": [""pointer"", ""pointer"", ""pointer"", ""pointer"", ""pointer"", ""pointer""], ""l2_groupings"": [1], ""load_eviction_policies"": ["""", """", """", """", """"], ""loop_orders"": [[0, 1, 2, 3, 4]], ""num_stages"": 2, ""num_warps"": 4, ""pid_type"": ""flat"", ""range_flattens"": [null, null], ""range_multi_buffers"": [null, null], ""range_num_stages"": [0, 0], ""range_unroll_factors"": [0, 0], ""range_warp_specializes"": []}",
mamba2_chunk_state:b1_h128_g8_t2048_c256_d64_s128,formula_matmul,mamba2_chunk_state,Mamba-2 chunk state,b1_h128_g8_t2048_c256_d64_s128,bfloat16,H100 breadth supplement,ok,ok,ok,triton_h100_formula_matmul,"[""triton_h100_formula_matmul""]",7,187.29600310325623,30.719999223947525,99.42399710416794,6.096875255037479,1.88381083599992,0.5308388617847628,3.236458320827781,"{""atomic_indexing"": [], ""block_sizes"": [16, 16, 16], ""indexing"": [""pointer"", ""pointer"", ""pointer"", ""pointer"", ""pointer"", ""pointer""], ""l2_groupings"": [1], ""load_eviction_policies"": ["""", """", """", """", """"], ""loop_orders"": [[0, 1, 2, 3, 4]], ""num_stages"": 1, ""num_warps"": 4, ""pid_type"": ""flat"", ""range_flattens"": [null, null], ""range_multi_buffers"": [null, null], ""range_num_stages"": [0, 0], ""range_unroll_factors"": [0, 0], ""range_warp_specializes"": []}","{""atomic_indexing"": [], ""block_sizes"": [64, 128, 64], ""indexing"": [""pointer"", ""pointer"", ""pointer"", ""pointer"", ""pointer"", ""pointer""], ""l2_groupings"": [1], ""load_eviction_policies"": ["""", """", """", """", """"], ""loop_orders"": [[0, 1, 2, 3, 4]], ""num_stages"": 2, ""num_warps"": 4, ""pid_type"": ""flat"", ""range_flattens"": [null, null], ""range_multi_buffers"": [null, null], ""range_num_stages"": [0, 0], ""range_unroll_factors"": [0, 0], ""range_warp_specializes"": []}",
dense_attention:b1_h4_m512_n512_d64_f16,multi_matmul,dense_attention,Dense attention forward,b1_h4_m512_n512_d64_f16,float16,published B200 held-out,ok,ok,ok,triton_h100_multi_matmul,"[""triton_h100_multi_matmul""]",8,46.36799916625023,23.903999477624893,47.648001462221146,1.9397590436551233,0.9731362857477707,1.0276052950092052,1.9933066643019965,"{""atomic_indexing"": [], ""block_sizes"": [1, 16, 16], ""indexing"": [""pointer"", ""pointer"", ""pointer"", ""pointer"", ""pointer""], ""l2_groupings"": [1], ""load_eviction_policies"": ["""", """", """"], ""loop_orders"": [[0, 1]], ""num_stages"": 1, ""num_warps"": 4, ""pid_type"": ""flat"", ""range_flattens"": [null, null], ""range_multi_buffers"": [null, null], ""range_num_stages"": [0, 0], ""range_unroll_factors"": [0, 0], ""range_warp_specializes"": []}","{""atomic_indexing"": [], ""block_sizes"": [1, 16, 32], ""indexing"": [""pointer"", ""pointer"", ""pointer"", ""pointer"", ""pointer""], ""l2_groupings"": [1], ""load_eviction_policies"": ["""", """", """"], ""loop_orders"": [[0, 1]], ""num_stages"": 6, ""num_warps"": 2, ""pid_type"": ""flat"", ""range_flattens"": [null, null], ""range_multi_buffers"": [null, null], ""range_num_stages"": [0, 0], ""range_unroll_factors"": [0, 0], ""range_warp_specializes"": []}",
dense_attention:b2_h32_m1024_n1024_d64_f16,multi_matmul,dense_attention,Dense attention forward,b2_h32_m1024_n1024_d64_f16,float16,published B200 held-out,ok,ok,ok,triton_h100_multi_matmul,"[""triton_h100_multi_matmul""]",9,427.8720021247864,107.61599987745285,253.00800800323486,3.975914386448329,1.6911401560037411,0.591317045160264,2.3510259468048096,"{""atomic_indexing"": [], ""block_sizes"": [1, 16, 16], ""indexing"": [""pointer"", ""pointer"", ""pointer"", ""pointer"", ""pointer""], ""l2_groupings"": [1], ""load_eviction_policies"": ["""", """", """"], ""loop_orders"": [[0, 1]], ""num_stages"": 1, ""num_warps"": 4, ""pid_type"": ""flat"", ""range_flattens"": [null, null], ""range_multi_buffers"": [null, null], ""range_num_stages"": [0, 0], ""range_unroll_factors"": [0, 0], ""range_warp_specializes"": []}","{""atomic_indexing"": [], ""block_sizes"": [1, 512, 32], ""indexing"": [""pointer"", ""pointer"", ""pointer"", ""pointer"", ""pointer""], ""l2_groupings"": [1], ""load_eviction_policies"": ["""", """", """"], ""loop_orders"": [[0, 1]], ""num_stages"": 1, ""num_warps"": 8, ""pid_type"": ""flat"", ""range_flattens"": [null, null], ""range_multi_buffers"": [null, null], ""range_num_stages"": [0, 0], ""range_unroll_factors"": [0, 0], ""range_warp_specializes"": []}",
dense_attention:b8_h16_m2048_n2048_d64_bf16,multi_matmul,dense_attention,Dense attention forward,b8_h16_m2048_n2048_d64_bf16,bfloat16,published B200 held-out,ok,ok,ok,triton_h100_multi_matmul,"[""triton_h100_multi_matmul""]",10,3254.3039321899414,760.2559924125671,1862.0480298995972,4.280537035772462,1.74770139112116,0.5721801247514569,2.4492382151315186,"{""atomic_indexing"": [], ""block_sizes"": [1, 16, 16], ""indexing"": [""pointer"", ""pointer"", ""pointer"", ""pointer"", ""pointer""], ""l2_groupings"": [1], ""load_eviction_policies"": ["""", """", """"], ""loop_orders"": [[0, 1]], ""num_stages"": 1, ""num_warps"": 4, ""pid_type"": ""flat"", ""range_flattens"": [null, null], ""range_multi_buffers"": [null, null], ""range_num_stages"": [0, 0], ""range_unroll_factors"": [0, 0], ""range_warp_specializes"": []}","{""atomic_indexing"": [], ""block_sizes"": [1, 512, 32], ""indexing"": [""pointer"", ""pointer"", ""pointer"", ""pointer"", ""pointer""], ""l2_groupings"": [1], ""load_eviction_policies"": ["""", """", """"], ""loop_orders"": [[0, 1]], ""num_stages"": 1, ""num_warps"": 8, ""pid_type"": ""flat"", ""range_flattens"": [null, null], ""range_multi_buffers"": [null, null], ""range_num_stages"": [0, 0], ""range_unroll_factors"": [0, 0], ""range_warp_specializes"": []}",
dense_attention:b4_h32_m4096_n4096_d128_bf16,multi_matmul,dense_attention,Dense attention forward,b4_h32_m4096_n4096_d128_bf16,bfloat16,published B200 held-out,ok,ok,ok,triton_h100_multi_matmul,"[""triton_h100_multi_matmul""]",10,20124.624252319336,4929.247856140137,8257.67993927002,4.082696760166162,2.4370797125007435,0.41032716118008183,1.6752413715580985,"{""atomic_indexing"": [], ""block_sizes"": [1, 16, 16], ""indexing"": [""pointer"", ""pointer"", ""pointer"", ""pointer"", ""pointer""], ""l2_groupings"": [1], ""load_eviction_policies"": ["""", """", """"], ""loop_orders"": [[0, 1]], ""num_stages"": 1, ""num_warps"": 4, ""pid_type"": ""flat"", ""range_flattens"": [null, null], ""range_multi_buffers"": [null, null], ""range_num_stages"": [0, 0], ""range_unroll_factors"": [0, 0], ""range_warp_specializes"": []}","{""atomic_indexing"": [], ""block_sizes"": [1, 256, 32], ""indexing"": [""pointer"", ""pointer"", ""pointer"", ""pointer"", ""pointer""], ""l2_groupings"": [1], ""load_eviction_policies"": ["""", """", """"], ""loop_orders"": [[0, 1]], ""num_stages"": 1, ""num_warps"": 8, ""pid_type"": ""flat"", ""range_flattens"": [null, null], ""range_multi_buffers"": [null, null], ""range_num_stages"": [0, 0], ""range_unroll_factors"": [0, 0], ""range_warp_specializes"": []}",
dense_attention:b4_h16_m128_n4096_d64_bf16,multi_matmul,dense_attention,Dense attention forward,b4_h16_m128_n4096_d64_bf16,bfloat16,published B200 held-out,ok,ok,ok,triton_h100_multi_matmul,"[""triton_h100_multi_matmul""]",9,345.0239896774292,168.5120016336441,206.33600652217865,2.0474742827370447,1.6721462991014282,0.5980337967660941,1.2244588190861703,"{""atomic_indexing"": [], ""block_sizes"": [1, 16, 16], ""indexing"": [""pointer"", ""pointer"", ""pointer"", ""pointer"", ""pointer""], ""l2_groupings"": [1], ""load_eviction_policies"": ["""", """", """"], ""loop_orders"": [[0, 1]], ""num_stages"": 1, ""num_warps"": 4, ""pid_type"": ""flat"", ""range_flattens"": [null, null], ""range_multi_buffers"": [null, null], ""range_num_stages"": [0, 0], ""range_unroll_factors"": [0, 0], ""range_warp_specializes"": []}","{""atomic_indexing"": [], ""block_sizes"": [1, 64, 32], ""indexing"": [""pointer"", ""pointer"", ""pointer"", ""pointer"", ""pointer""], ""l2_groupings"": [1], ""load_eviction_policies"": ["""", """", """"], ""loop_orders"": [[0, 1]], ""num_stages"": 1, ""num_warps"": 4, ""pid_type"": ""flat"", ""range_flattens"": [null, null], ""range_multi_buffers"": [null, null], ""range_num_stages"": [0, 0], ""range_unroll_factors"": [0, 0], ""range_warp_specializes"": []}",
causal_attention:b1_h8_s512_d128_f16,multi_matmul,causal_attention,Causal attention forward,b1_h8_s512_d128_f16,float16,H100 compilable supplement,ok,ok,ok,triton_h100_multi_matmul,"[""triton_h100_multi_matmul""]",9,51.93600058555603,29.983999207615852,49.27999898791313,1.732123864663271,1.0538961374226963,0.9488601053662657,1.643543232731815,"{""atomic_indexing"": [], ""block_sizes"": [1, 16, 16], ""indexing"": [""pointer"", ""pointer"", ""pointer"", ""pointer"", ""pointer"", ""pointer""], ""l2_groupings"": [1], ""load_eviction_policies"": ["""", """", """", """"], ""loop_orders"": [[0, 1]], ""num_stages"": 1, ""num_warps"": 4, ""pid_type"": ""flat"", ""range_flattens"": [null, null], ""range_multi_buffers"": [null, null], ""range_num_stages"": [0, 0], ""range_unroll_factors"": [0, 0], ""range_warp_specializes"": []}","{""atomic_indexing"": [], ""block_sizes"": [1, 32, 256], ""indexing"": [""pointer"", ""pointer"", ""pointer"", ""pointer"", ""pointer"", ""pointer""], ""l2_groupings"": [1], ""load_eviction_policies"": ["""", """", """", """"], ""loop_orders"": [[0, 1]], ""num_stages"": 1, ""num_warps"": 4, ""pid_type"": ""flat"", ""range_flattens"": [null, null], ""range_multi_buffers"": [null, null], ""range_num_stages"": [0, 0], ""range_unroll_factors"": [0, 0], ""range_warp_specializes"": []}",
causal_attention:b2_h32_s1024_d128_f16,multi_matmul,causal_attention,Causal attention forward,b2_h32_s1024_d128_f16,float16,H100 compilable supplement,ok,ok,ok,triton_h100_multi_matmul,"[""triton_h100_multi_matmul""]",11,727.4240255355835,116.11199751496315,324.67201352119446,6.264848087225798,2.2404888479496172,0.4463311660377822,2.79619695182106,"{""atomic_indexing"": [], ""block_sizes"": [1, 16, 16], ""indexing"": [""pointer"", ""pointer"", ""pointer"", ""pointer"", ""pointer"", ""pointer""], ""l2_groupings"": [1], ""load_eviction_policies"": ["""", """", """", """"], ""loop_orders"": [[0, 1]], ""num_stages"": 1, ""num_warps"": 4, ""pid_type"": ""flat"", ""range_flattens"": [null, null], ""range_multi_buffers"": [null, null], ""range_num_stages"": [0, 0], ""range_unroll_factors"": [0, 0], ""range_warp_specializes"": []}","{""atomic_indexing"": [], ""block_sizes"": [1, 256, 64], ""indexing"": [""pointer"", ""pointer"", ""pointer"", ""pointer"", ""pointer"", ""pointer""], ""l2_groupings"": [1], ""load_eviction_policies"": ["""", """", """", """"], ""loop_orders"": [[0, 1]], ""num_stages"": 3, ""num_warps"": 8, ""pid_type"": ""flat"", ""range_flattens"": [null, null], ""range_multi_buffers"": [null, null], ""range_num_stages"": [0, 0], ""range_unroll_factors"": [0, 0], ""range_warp_specializes"": []}",
causal_attention:b8_h16_s2048_d128_bf16,multi_matmul,causal_attention,Causal attention forward,b8_h16_s2048_d128_bf16,bfloat16,H100 compilable supplement,ok,ok,ok,triton_h100_multi_matmul,"[""triton_h100_multi_matmul""]",11,5277.215957641602,808.9280128479004,2315.040111541748,6.523715180863512,2.2795354306527034,0.4386858771980869,2.8618617167075855,"{""atomic_indexing"": [], ""block_sizes"": [1, 16, 16], ""indexing"": [""pointer"", ""pointer"", ""pointer"", ""pointer"", ""pointer"", ""pointer""], ""l2_groupings"": [1], ""load_eviction_policies"": ["""", """", """", """"], ""loop_orders"": [[0, 1]], ""num_stages"": 1, ""num_warps"": 4, ""pid_type"": ""flat"", ""range_flattens"": [null, null], ""range_multi_buffers"": [null, null], ""range_num_stages"": [0, 0], ""range_unroll_factors"": [0, 0], ""range_warp_specializes"": []}","{""atomic_indexing"": [], ""block_sizes"": [1, 256, 64], ""indexing"": [""pointer"", ""pointer"", ""pointer"", ""pointer"", ""pointer"", ""pointer""], ""l2_groupings"": [1], ""load_eviction_policies"": ["""", """", """", """"], ""loop_orders"": [[0, 1]], ""num_stages"": 3, ""num_warps"": 8, ""pid_type"": ""flat"", ""range_flattens"": [null, null], ""range_multi_buffers"": [null, null], ""range_num_stages"": [0, 0], ""range_unroll_factors"": [0, 0], ""range_warp_specializes"": []}",
causal_attention:b4_h32_s4096_d128_bf16,multi_matmul,causal_attention,Causal attention forward,b4_h32_s4096_d128_bf16,bfloat16,published B200 held-out,ok,ok,ok,triton_h100_multi_matmul,"[""triton_h100_multi_matmul""]",11,20632.400512695312,3012.0800733566284,8867.424011230469,6.849884468610025,2.3267637237787056,0.4297814985597172,2.9439536118801484,"{""atomic_indexing"": [], ""block_sizes"": [1, 16, 16], ""indexing"": [""pointer"", ""pointer"", ""pointer"", ""pointer"", ""pointer"", ""pointer""], ""l2_groupings"": [1], ""load_eviction_policies"": ["""", """", """", """"], ""loop_orders"": [[0, 1]], ""num_stages"": 1, ""num_warps"": 4, ""pid_type"": ""flat"", ""range_flattens"": [null, null], ""range_multi_buffers"": [null, null], ""range_num_stages"": [0, 0], ""range_unroll_factors"": [0, 0], ""range_warp_specializes"": []}","{""atomic_indexing"": [], ""block_sizes"": [1, 256, 64], ""indexing"": [""pointer"", ""pointer"", ""pointer"", ""pointer"", ""pointer"", ""pointer""], ""l2_groupings"": [1], ""load_eviction_policies"": ["""", """", """", """"], ""loop_orders"": [[0, 1]], ""num_stages"": 3, ""num_warps"": 8, ""pid_type"": ""flat"", ""range_flattens"": [null, null], ""range_multi_buffers"": [null, null], ""range_num_stages"": [0, 0], ""range_unroll_factors"": [0, 0], ""range_warp_specializes"": []}",
causal_attention:b1_h16_s8192_d128_bf16,multi_matmul,causal_attention,Causal attention forward,b1_h16_s8192_d128_bf16,bfloat16,published B200 held-out,ok,ok,ok,triton_h100_multi_matmul,"[""triton_h100_multi_matmul""]",11,10550.592422485352,1486.3359928131104,4417.488098144531,7.098389915537736,2.388369179062847,0.418695739656288,2.972065616054808,"{""atomic_indexing"": [], ""block_sizes"": [1, 16, 16], ""indexing"": [""pointer"", ""pointer"", ""pointer"", ""pointer"", ""pointer"", ""pointer""], ""l2_groupings"": [1], ""load_eviction_policies"": ["""", """", """", """"], ""loop_orders"": [[0, 1]], ""num_stages"": 1, ""num_warps"": 4, ""pid_type"": ""flat"", ""range_flattens"": [null, null], ""range_multi_buffers"": [null, null], ""range_num_stages"": [0, 0], ""range_unroll_factors"": [0, 0], ""range_warp_specializes"": []}","{""atomic_indexing"": [], ""block_sizes"": [1, 256, 64], ""indexing"": [""pointer"", ""pointer"", ""pointer"", ""pointer"", ""pointer"", ""pointer""], ""l2_groupings"": [1], ""load_eviction_policies"": ["""", """", """", """"], ""loop_orders"": [[0, 1]], ""num_stages"": 3, ""num_warps"": 8, ""pid_type"": ""flat"", ""range_flattens"": [null, null], ""range_multi_buffers"": [null, null], ""range_num_stages"": [0, 0], ""range_unroll_factors"": [0, 0], ""range_warp_specializes"": []}",
biased_attention:b1_h4_m128_n128_d64_f16,multi_matmul,biased_attention,Biased attention forward,b1_h4_m128_n128_d64_f16,float16,published B200 held-out,ok,ok,ok,triton_h100_multi_matmul,"[""triton_h100_multi_matmul""]",8,26.815999299287796,23.871999233961105,41.18400067090988,1.123324403476792,0.6511266235052572,1.5357995878230681,1.7252011558512512,"{""atomic_indexing"": [], ""block_sizes"": [1, 16, 16], ""indexing"": [""pointer"", ""pointer"", ""pointer"", ""pointer"", ""pointer"", ""pointer""], ""l2_groupings"": [1], ""load_eviction_policies"": ["""", """", """", """"], ""loop_orders"": [[0, 1]], ""num_stages"": 1, ""num_warps"": 4, ""pid_type"": ""flat"", ""range_flattens"": [null, null], ""range_multi_buffers"": [null, null], ""range_num_stages"": [0, 0], ""range_unroll_factors"": [0, 0], ""range_warp_specializes"": []}","{""atomic_indexing"": [], ""block_sizes"": [1, 4, 32], ""indexing"": [""pointer"", ""pointer"", ""pointer"", ""pointer"", ""pointer"", ""pointer""], ""l2_groupings"": [1], ""load_eviction_policies"": ["""", """", """", """"], ""loop_orders"": [[0, 1]], ""num_stages"": 4, ""num_warps"": 2, ""pid_type"": ""flat"", ""range_flattens"": [null, null], ""range_multi_buffers"": [null, null], ""range_num_stages"": [0, 0], ""range_unroll_factors"": [0, 0], ""range_warp_specializes"": []}",
biased_attention:b2_h8_m512_n512_d64_f16,multi_matmul,biased_attention,Biased attention forward,b2_h8_m512_n512_d64_f16,float16,published B200 held-out,ok,ok,ok,triton_h100_multi_matmul,"[""triton_h100_multi_matmul""]",9,61.88800185918808,42.94399917125702,47.71199822425842,1.4411327089585668,1.2971161167532508,0.7709410029558896,1.1110282960370559,"{""atomic_indexing"": [], ""block_sizes"": [1, 16, 16], ""indexing"": [""pointer"", ""pointer"", ""pointer"", ""pointer"", ""pointer"", ""pointer""], ""l2_groupings"": [1], ""load_eviction_policies"": ["""", """", """", """"], ""loop_orders"": [[0, 1]], ""num_stages"": 1, ""num_warps"": 4, ""pid_type"": ""flat"", ""range_flattens"": [null, null], ""range_multi_buffers"": [null, null], ""range_num_stages"": [0, 0], ""range_unroll_factors"": [0, 0], ""range_warp_specializes"": []}","{""atomic_indexing"": [], ""block_sizes"": [1, 64, 32], ""indexing"": [""pointer"", ""pointer"", ""pointer"", ""pointer"", ""pointer"", ""pointer""], ""l2_groupings"": [1], ""load_eviction_policies"": ["""", """", """", """"], ""loop_orders"": [[0, 1]], ""num_stages"": 1, ""num_warps"": 4, ""pid_type"": ""flat"", ""range_flattens"": [null, null], ""range_multi_buffers"": [null, null], ""range_num_stages"": [0, 0], ""range_unroll_factors"": [0, 0], ""range_warp_specializes"": []}",
biased_attention:b2_h16_m1024_n1024_d64_f16,multi_matmul,biased_attention,Biased attention forward,b2_h16_m1024_n1024_d64_f16,float16,published B200 held-out,ok,ok,ok,triton_h100_multi_matmul,"[""triton_h100_multi_matmul""]",9,250.14400482177734,189.7599995136261,159.39199924468994,1.318212507709325,1.5693636192979163,0.637200956937799,0.8399662713597577,"{""atomic_indexing"": [], ""block_sizes"": [1, 16, 16], ""indexing"": [""pointer"", ""pointer"", ""pointer"", ""pointer"", ""pointer"", ""pointer""], ""l2_groupings"": [1], ""load_eviction_policies"": ["""", """", """", """"], ""loop_orders"": [[0, 1]], ""num_stages"": 1, ""num_warps"": 4, ""pid_type"": ""flat"", ""range_flattens"": [null, null], ""range_multi_buffers"": [null, null], ""range_num_stages"": [0, 0], ""range_unroll_factors"": [0, 0], ""range_warp_specializes"": []}","{""atomic_indexing"": [], ""block_sizes"": [1, 256, 32], ""indexing"": [""pointer"", ""pointer"", ""pointer"", ""pointer"", ""pointer"", ""pointer""], ""l2_groupings"": [1], ""load_eviction_policies"": ["""", """", """", """"], ""loop_orders"": [[0, 1]], ""num_stages"": 1, ""num_warps"": 4, ""pid_type"": ""flat"", ""range_flattens"": [null, null], ""range_multi_buffers"": [null, null], ""range_num_stages"": [0, 0], ""range_unroll_factors"": [0, 0], ""range_warp_specializes"": []}",
biased_attention:b1_h16_m1024_n2048_d128_bf16,multi_matmul,biased_attention,Biased attention forward,b1_h16_m1024_n2048_d128_bf16,bfloat16,published B200 held-out,ok,ok,ok,triton_h100_multi_matmul,"[""triton_h100_multi_matmul""]",9,511.6479992866516,190.3200000524521,184.7040057182312,2.6883564478018163,2.7700969304757717,0.36099819793246274,0.9704918330565725,"{""atomic_indexing"": [], ""block_sizes"": [1, 16, 16], ""indexing"": [""pointer"", ""pointer"", ""pointer"", ""pointer"", ""pointer"", ""pointer""], ""l2_groupings"": [1], ""load_eviction_policies"": ["""", """", """", """"], ""loop_orders"": [[0, 1]], ""num_stages"": 1, ""num_warps"": 4, ""pid_type"": ""flat"", ""range_flattens"": [null, null], ""range_multi_buffers"": [null, null], ""range_num_stages"": [0, 0], ""range_unroll_factors"": [0, 0], ""range_warp_specializes"": []}","{""atomic_indexing"": [], ""block_sizes"": [1, 128, 32], ""indexing"": [""pointer"", ""pointer"", ""pointer"", ""pointer"", ""pointer"", ""pointer""], ""l2_groupings"": [1], ""load_eviction_policies"": ["""", """", """", """"], ""loop_orders"": [[0, 1]], ""num_stages"": 1, ""num_warps"": 8, ""pid_type"": ""flat"", ""range_flattens"": [null, null], ""range_multi_buffers"": [null, null], ""range_num_stages"": [0, 0], ""range_unroll_factors"": [0, 0], ""range_warp_specializes"": []}",
biased_attention:b4_h8_m256_n1024_d64_bf16,multi_matmul,biased_attention,Biased attention forward,b4_h8_m256_n1024_d64_bf16,bfloat16,published B200 held-out,ok,ok,ok,triton_h100_multi_matmul,"[""triton_h100_multi_matmul""]",9,120.54400146007538,82.33600109815598,45.56800052523613,1.464049745582982,2.645365170089405,0.3780196440577628,0.553439563708137,"{""atomic_indexing"": [], ""block_sizes"": [1, 16, 16], ""indexing"": [""pointer"", ""pointer"", ""pointer"", ""pointer"", ""pointer"", ""pointer""], ""l2_groupings"": [1], ""load_eviction_policies"": ["""", """", """", """"], ""loop_orders"": [[0, 1]], ""num_stages"": 1, ""num_warps"": 4, ""pid_type"": ""flat"", ""range_flattens"": [null, null], ""range_multi_buffers"": [null, null], ""range_num_stages"": [0, 0], ""range_unroll_factors"": [0, 0], ""range_warp_specializes"": []}","{""atomic_indexing"": [], ""block_sizes"": [1, 64, 32], ""indexing"": [""pointer"", ""pointer"", ""pointer"", ""pointer"", ""pointer"", ""pointer""], ""l2_groupings"": [1], ""load_eviction_policies"": ["""", """", """", """"], ""loop_orders"": [[0, 1]], ""num_stages"": 1, ""num_warps"": 4, ""pid_type"": ""flat"", ""range_flattens"": [null, null], ""range_multi_buffers"": [null, null], ""range_num_stages"": [0, 0], ""range_unroll_factors"": [0, 0], ""range_warp_specializes"": []}",
attention_backward:b1_h4_s256_d64_f16,multi_matmul,attention_backward,Attention backward,b1_h4_s256_d64_f16,float16,published B200 held-out,ok,ok,ok,triton_h100_multi_matmul,"[""triton_h100_multi_matmul""]",9,53.02400141954422,54.55999821424484,62.84800171852112,0.9718475651581016,0.8436863538959299,1.1852745933156952,1.1519062275576173,"{""atomic_indexing"": [""pointer""], ""block_sizes"": [32, 32], ""indexing"": [""pointer"", ""pointer"", ""pointer"", ""pointer"", ""pointer"", ""pointer"", ""pointer"", ""pointer""], ""load_eviction_policies"": ["""", """", """", """", """", """"], ""num_stages"": 1, ""num_warps"": 4, ""pid_type"": ""flat"", ""range_flattens"": [null, null], ""range_multi_buffers"": [null, null], ""range_num_stages"": [0, 0], ""range_unroll_factors"": [0, 0], ""range_warp_specializes"": []}","{""atomic_indexing"": [""pointer""], ""block_sizes"": [32, 16], ""indexing"": [""pointer"", ""pointer"", ""pointer"", ""pointer"", ""pointer"", ""pointer"", ""pointer"", ""pointer""], ""load_eviction_policies"": ["""", """", """", """", """", """"], ""num_stages"": 6, ""num_warps"": 4, ""pid_type"": ""flat"", ""range_flattens"": [null, null], ""range_multi_buffers"": [null, null], ""range_num_stages"": [0, 0], ""range_unroll_factors"": [0, 0], ""range_warp_specializes"": []}",
attention_backward:b2_h16_s512_d64_f16,multi_matmul,attention_backward,Attention backward,b2_h16_s512_d64_f16,float16,published B200 held-out,ok,ok,ok,triton_h100_multi_matmul,"[""triton_h100_multi_matmul""]",10,62.17600032687187,50.592001527547836,78.62400263547897,1.2289689763117286,0.7908017684514962,1.2645394078444514,1.5540797015644348,"{""atomic_indexing"": [""pointer""], ""block_sizes"": [32, 32], ""indexing"": [""pointer"", ""pointer"", ""pointer"", ""pointer"", ""pointer"", ""pointer"", ""pointer"", ""pointer""], ""load_eviction_policies"": ["""", """", """", """", """", """"], ""num_stages"": 1, ""num_warps"": 4, ""pid_type"": ""flat"", ""range_flattens"": [null, null], ""range_multi_buffers"": [null, null], ""range_num_stages"": [0, 0], ""range_unroll_factors"": [0, 0], ""range_warp_specializes"": []}","{""atomic_indexing"": [""pointer""], ""block_sizes"": [64, 128], ""indexing"": [""pointer"", ""pointer"", ""pointer"", ""pointer"", ""pointer"", ""pointer"", ""pointer"", ""pointer""], ""load_eviction_policies"": ["""", """", """", """", """", """"], ""num_stages"": 6, ""num_warps"": 4, ""pid_type"": ""flat"", ""range_flattens"": [null, null], ""range_multi_buffers"": [null, null], ""range_num_stages"": [0, 0], ""range_unroll_factors"": [0, 0], ""range_warp_specializes"": []}",
attention_backward:b2_h32_s1024_d64_f16,multi_matmul,attention_backward,Attention backward,b2_h32_s1024_d64_f16,float16,published B200 held-out,ok,ok,ok,triton_h100_multi_matmul,"[""triton_h100_multi_matmul""]",13,388.3199989795685,165.16800224781036,473.60000014305115,2.3510606999832286,0.819932430030144,1.2196126941377792,2.867383474387998,"{""atomic_indexing"": [""pointer""], ""block_sizes"": [32, 32], ""indexing"": [""pointer"", ""pointer"", ""pointer"", ""pointer"", ""pointer"", ""pointer"", ""pointer"", ""pointer""], ""load_eviction_policies"": ["""", """", """", """", """", """"], ""num_stages"": 1, ""num_warps"": 4, ""pid_type"": ""flat"", ""range_flattens"": [null, null], ""range_multi_buffers"": [null, null], ""range_num_stages"": [0, 0], ""range_unroll_factors"": [0, 0], ""range_warp_specializes"": []}","{""atomic_indexing"": [""pointer""], ""block_sizes"": [32, 256], ""indexing"": [""pointer"", ""pointer"", ""pointer"", ""pointer"", ""pointer"", ""pointer"", ""pointer"", ""pointer""], ""load_eviction_policies"": ["""", """", """", """", """", """"], ""num_stages"": 3, ""num_warps"": 8, ""pid_type"": ""flat"", ""range_flattens"": [null, null], ""range_multi_buffers"": [null, null], ""range_num_stages"": [0, 0], ""range_unroll_factors"": [0, 0], ""range_warp_specializes"": []}",
attention_backward:b4_h32_s2048_d128_bf16,multi_matmul,attention_backward,Attention backward,b4_h32_s2048_d128_bf16,bfloat16,published B200 held-out,ok,ok,ok,triton_h100_multi_matmul,"[""triton_h100_multi_matmul""]",12,5589.791774749756,1826.5759944915771,3793.5359477996826,3.060256891367753,1.4735043641782104,0.6786542505815455,2.0768563471981922,"{""atomic_indexing"": [""pointer""], ""block_sizes"": [32, 32], ""indexing"": [""pointer"", ""pointer"", ""pointer"", ""pointer"", ""pointer"", ""pointer"", ""pointer"", ""pointer""], ""load_eviction_policies"": ["""", """", """", """", """", """"], ""num_stages"": 1, ""num_warps"": 4, ""pid_type"": ""flat"", ""range_flattens"": [null, null], ""range_multi_buffers"": [null, null], ""range_num_stages"": [0, 0], ""range_unroll_factors"": [0, 0], ""range_warp_specializes"": []}","{""atomic_indexing"": [""pointer""], ""block_sizes"": [64, 128], ""indexing"": [""pointer"", ""pointer"", ""pointer"", ""pointer"", ""pointer"", ""pointer"", ""pointer"", ""pointer""], ""load_eviction_policies"": ["""", """", """", """", """", """"], ""num_stages"": 3, ""num_warps"": 8, ""pid_type"": ""flat"", ""range_flattens"": [null, null], ""range_multi_buffers"": [null, null], ""range_num_stages"": [0, 0], ""range_unroll_factors"": [0, 0], ""range_warp_specializes"": []}",
attention_backward:b1_h16_s4096_d128_bf16,multi_matmul,attention_backward,Attention backward,b1_h16_s4096_d128_bf16,bfloat16,published B200 held-out,ok,ok,ok,triton_h100_multi_matmul,"[""triton_h100_multi_matmul""]",12,2947.2960233688354,886.6239786148071,1832.480013370514,3.324178112093769,1.608364621640713,0.6217495625960034,2.0668062871855093,"{""atomic_indexing"": [""pointer""], ""block_sizes"": [32, 32], ""indexing"": [""pointer"", ""pointer"", ""pointer"", ""pointer"", ""pointer"", ""pointer"", ""pointer"", ""pointer""], ""load_eviction_policies"": ["""", """", """", """", """", """"], ""num_stages"": 1, ""num_warps"": 4, ""pid_type"": ""flat"", ""range_flattens"": [null, null], ""range_multi_buffers"": [null, null], ""range_num_stages"": [0, 0], ""range_unroll_factors"": [0, 0], ""range_warp_specializes"": []}","{""atomic_indexing"": [""pointer""], ""block_sizes"": [64, 128], ""indexing"": [""pointer"", ""pointer"", ""pointer"", ""pointer"", ""pointer"", ""pointer"", ""pointer"", ""pointer""], ""load_eviction_policies"": ["""", """", """", """", """", """"], ""num_stages"": 3, ""num_warps"": 8, ""pid_type"": ""flat"", ""range_flattens"": [null, null], ""range_multi_buffers"": [null, null], ""range_num_stages"": [0, 0], ""range_unroll_factors"": [0, 0], ""range_warp_specializes"": []}",
jagged_hstu:b4_l320_max128_h8_d64,multi_matmul,jagged_hstu,Jagged HSTU attention,b4_l320_max128_h8_d64,bfloat16,published B200 held-out,ok,ok,ok,triton_h100_multi_matmul,"[""triton_h100_multi_matmul""]",9,16.704000532627106,20.767999812960625,98.65599870681763,0.8043143626283494,0.16931560930488837,5.906130002457656,4.750385188526902,"{""atomic_indexing"": [], ""block_sizes"": [32, 32], ""indexing"": [""pointer"", ""pointer"", ""pointer"", ""pointer"", ""pointer"", ""pointer""], ""l2_groupings"": [1], ""load_eviction_policies"": ["""", """", """", """", """"], ""loop_orders"": [[0, 1, 2]], ""num_stages"": 1, ""num_warps"": 4, ""pid_type"": ""flat"", ""range_flattens"": [null, null], ""range_multi_buffers"": [null, null], ""range_num_stages"": [0, 0], ""range_unroll_factors"": [0, 0], ""range_warp_specializes"": []}","{""atomic_indexing"": [], ""block_sizes"": [32, 32], ""indexing"": [""pointer"", ""pointer"", ""pointer"", ""pointer"", ""pointer"", ""pointer""], ""l2_groupings"": [1], ""load_eviction_policies"": ["""", """", """", """", """"], ""loop_orders"": [[0, 1, 2]], ""num_stages"": 2, ""num_warps"": 1, ""pid_type"": ""flat"", ""range_flattens"": [null, null], ""range_multi_buffers"": [null, null], ""range_num_stages"": [0, 0], ""range_unroll_factors"": [0, 0], ""range_warp_specializes"": []}",
jagged_hstu:b16_l3440_max512_h16_d64,multi_matmul,jagged_hstu,Jagged HSTU attention,b16_l3440_max512_h16_d64,bfloat16,published B200 held-out,ok,ok,ok,triton_h100_multi_matmul,"[""triton_h100_multi_matmul""]",11,55.16799911856651,91.839998960495,292.2239899635315,0.600696861313087,0.1887866876550802,5.296983661406436,3.1818814598335496,"{""atomic_indexing"": [], ""block_sizes"": [32, 32], ""indexing"": [""pointer"", ""pointer"", ""pointer"", ""pointer"", ""pointer"", ""pointer""], ""l2_groupings"": [1], ""load_eviction_policies"": ["""", """", """", """", """"], ""loop_orders"": [[0, 1, 2]], ""num_stages"": 1, ""num_warps"": 4, ""pid_type"": ""flat"", ""range_flattens"": [null, null], ""range_multi_buffers"": [null, null], ""range_num_stages"": [0, 0], ""range_unroll_factors"": [0, 0], ""range_warp_specializes"": []}","{""atomic_indexing"": [], ""block_sizes"": [32, 32], ""indexing"": [""pointer"", ""pointer"", ""pointer"", ""pointer"", ""pointer"", ""pointer""], ""l2_groupings"": [1], ""load_eviction_policies"": ["""", """", """", """", """"], ""loop_orders"": [[0, 1, 2]], ""num_stages"": 2, ""num_warps"": 1, ""pid_type"": ""flat"", ""range_flattens"": [null, null], ""range_multi_buffers"": [null, null], ""range_num_stages"": [0, 0], ""range_unroll_factors"": [0, 0], ""range_warp_specializes"": []}",
jagged_hstu:b8_l6656_max2048_h32_d128,multi_matmul,jagged_hstu,Jagged HSTU attention,b8_l6656_max2048_h32_d128,bfloat16,published B200 held-out,ok,ok,ok,triton_h100_multi_matmul,"[""triton_h100_multi_matmul""]",11,705.5680155754089,588.0799889564514,962.943971157074,1.1997823915543193,0.7327196978320536,1.3647783769956867,1.6374370650935073,"{""atomic_indexing"": [], ""block_sizes"": [32, 32], ""indexing"": [""pointer"", ""pointer"", ""pointer"", ""pointer"", ""pointer"", ""pointer""], ""l2_groupings"": [1], ""load_eviction_policies"": ["""", """", """", """", """"], ""loop_orders"": [[0, 1, 2]], ""num_stages"": 1, ""num_warps"": 4, ""pid_type"": ""flat"", ""range_flattens"": [null, null], ""range_multi_buffers"": [null, null], ""range_num_stages"": [0, 0], ""range_unroll_factors"": [0, 0], ""range_warp_specializes"": []}","{""atomic_indexing"": [], ""block_sizes"": [32, 32], ""indexing"": [""pointer"", ""pointer"", ""pointer"", ""pointer"", ""pointer"", ""pointer""], ""l2_groupings"": [1], ""load_eviction_policies"": ["""", """", """", """", """"], ""loop_orders"": [[0, 1, 2]], ""num_stages"": 2, ""num_warps"": 4, ""pid_type"": ""flat"", ""range_flattens"": [null, null], ""range_multi_buffers"": [null, null], ""range_num_stages"": [0, 0], ""range_unroll_factors"": [0, 0], ""range_warp_specializes"": []}",
jagged_hstu:b32_l2485_max256_h8_d128,multi_matmul,jagged_hstu,Jagged HSTU attention,b32_l2485_max256_h8_d128,bfloat16,published B200 held-out,ok,ok,ok,triton_h100_multi_matmul,"[""triton_h100_multi_matmul""]",11,33.85600075125694,30.6560005992651,528.8159847259521,1.1043841365291647,0.06402227188499626,15.619564419649278,17.24999916455603,"{""atomic_indexing"": [], ""block_sizes"": [32, 32], ""indexing"": [""pointer"", ""pointer"", ""pointer"", ""pointer"", ""pointer"", ""pointer""], ""l2_groupings"": [1], ""load_eviction_policies"": ["""", """", """", """", """"], ""loop_orders"": [[0, 1, 2]], ""num_stages"": 1, ""num_warps"": 4, ""pid_type"": ""flat"", ""range_flattens"": [null, null], ""range_multi_buffers"": [null, null], ""range_num_stages"": [0, 0], ""range_unroll_factors"": [0, 0], ""range_warp_specializes"": []}","{""atomic_indexing"": [], ""block_sizes"": [32, 32], ""indexing"": [""pointer"", ""pointer"", ""pointer"", ""pointer"", ""pointer"", ""pointer""], ""l2_groupings"": [1], ""load_eviction_policies"": ["""", """", """", """", """"], ""loop_orders"": [[0, 1, 2]], ""num_stages"": 2, ""num_warps"": 4, ""pid_type"": ""flat"", ""range_flattens"": [null, null], ""range_multi_buffers"": [null, null], ""range_num_stages"": [0, 0], ""range_unroll_factors"": [0, 0], ""range_warp_specializes"": []}",
jagged_hstu:b2_l7168_max4096_h16_d64,multi_matmul,jagged_hstu,Jagged HSTU attention,b2_l7168_max4096_h16_d64,bfloat16,published B200 held-out,ok,ok,ok,triton_h100_multi_matmul,"[""triton_h100_multi_matmul""]",11,581.7279815673828,897.6480066776276,1011.8400454521179,0.6480580107568811,0.5749208920738562,1.7393697355349138,1.1272124907814787,"{""atomic_indexing"": [], ""block_sizes"": [32, 32], ""indexing"": [""pointer"", ""pointer"", ""pointer"", ""pointer"", ""pointer"", ""pointer""], ""l2_groupings"": [1], ""load_eviction_policies"": ["""", """", """", """", """"], ""loop_orders"": [[0, 1, 2]], ""num_stages"": 1, ""num_warps"": 4, ""pid_type"": ""flat"", ""range_flattens"": [null, null], ""range_multi_buffers"": [null, null], ""range_num_stages"": [0, 0], ""range_unroll_factors"": [0, 0], ""range_warp_specializes"": []}","{""atomic_indexing"": [], ""block_sizes"": [32, 32], ""indexing"": [""pointer"", ""pointer"", ""pointer"", ""pointer"", ""pointer"", ""pointer""], ""l2_groupings"": [1], ""load_eviction_policies"": ["""", """", """", """", """"], ""loop_orders"": [[0, 1, 2]], ""num_stages"": 2, ""num_warps"": 1, ""pid_type"": ""flat"", ""range_flattens"": [null, null], ""range_multi_buffers"": [null, null], ""range_num_stages"": [0, 0], ""range_unroll_factors"": [0, 0], ""range_warp_specializes"": []}",
jagged_hstu:b128_l131072_max1024_h4_d128,multi_matmul,jagged_hstu,Jagged HSTU attention,b128_l131072_max1024_h4_d128,bfloat16,H100 breadth supplement,ok,ok,ok,triton_h100_multi_matmul,"[""triton_h100_multi_matmul""]",11,1762.2400522232056,1602.4960279464722,4037.343978881836,1.0996845056030737,0.43648499147978653,2.2910295188152183,2.5194096637203613,"{""atomic_indexing"": [], ""block_sizes"": [32, 32], ""indexing"": [""pointer"", ""pointer"", ""pointer"", ""pointer"", ""pointer"", ""pointer""], ""l2_groupings"": [1], ""load_eviction_policies"": ["""", """", """", """", """"], ""loop_orders"": [[0, 1, 2]], ""num_stages"": 1, ""num_warps"": 4, ""pid_type"": ""flat"", ""range_flattens"": [null, null], ""range_multi_buffers"": [null, null], ""range_num_stages"": [0, 0], ""range_unroll_factors"": [0, 0], ""range_warp_specializes"": []}","{""atomic_indexing"": [], ""block_sizes"": [32, 32], ""indexing"": [""pointer"", ""pointer"", ""pointer"", ""pointer"", ""pointer"", ""pointer""], ""l2_groupings"": [1], ""load_eviction_policies"": ["""", """", """", """", """"], ""loop_orders"": [[0, 1, 2]], ""num_stages"": 2, ""num_warps"": 4, ""pid_type"": ""flat"", ""range_flattens"": [null, null], ""range_multi_buffers"": [null, null], ""range_num_stages"": [0, 0], ""range_unroll_factors"": [0, 0], ""range_warp_specializes"": []}",
squeeze_excitation:m256_n256_k16,multi_matmul,squeeze_excitation,Squeeze-and-excitation forward,m256_n256_k16,bfloat16,published B200 held-out,ok,ok,ok,triton_h100_multi_matmul,"[""triton_h100_multi_matmul""]",7,16.063999384641647,7.648000027984381,29.472000896930695,2.100418321896279,0.5450596802307577,1.8346614806962749,3.8535565885318124,"{""atomic_indexing"": [], ""block_sizes"": [16, 16, 16, 16], ""indexing"": [""pointer"", ""pointer"", ""pointer"", ""pointer"", ""pointer"", ""pointer"", ""pointer"", ""pointer"", ""pointer""], ""load_eviction_policies"": ["""", """", """", """", """", """"], ""num_stages"": 1, ""num_warps"": 4, ""pid_type"": ""flat"", ""range_flattens"": [null, null, null, null], ""range_multi_buffers"": [null, null, null, null], ""range_num_stages"": [0, 0, 0, 0], ""range_unroll_factors"": [0, 0, 0, 0], ""range_warp_specializes"": []}","{""atomic_indexing"": [], ""block_sizes"": [2, 16, 256, 16], ""indexing"": [""pointer"", ""pointer"", ""pointer"", ""pointer"", ""pointer"", ""pointer"", ""pointer"", ""pointer"", ""pointer""], ""load_eviction_policies"": ["""", """", """", """", """", """"], ""num_stages"": 1, ""num_warps"": 8, ""pid_type"": ""flat"", ""range_flattens"": [null, null, null, null], ""range_multi_buffers"": [null, null, null, null], ""range_num_stages"": [0, 0, 0, 0], ""range_unroll_factors"": [0, 0, 0, 0], ""range_warp_specializes"": []}",
squeeze_excitation:m256_n512_k32,multi_matmul,squeeze_excitation,Squeeze-and-excitation forward,m256_n512_k32,bfloat16,published B200 held-out,ok,ok,ok,triton_h100_multi_matmul,"[""triton_h100_multi_matmul""]",9,39.712000638246536,9.79200005531311,25.34399926662445,4.055555597826914,1.5669192624442396,0.6381949753046615,2.5882352046018293,"{""atomic_indexing"": [], ""block_sizes"": [16, 16, 16, 16], ""indexing"": [""pointer"", ""pointer"", ""pointer"", ""pointer"", ""pointer"", ""pointer"", ""pointer"", ""pointer"", ""pointer""], ""load_eviction_policies"": ["""", """", """", """", """", """"], ""num_stages"": 1, ""num_warps"": 4, ""pid_type"": ""flat"", ""range_flattens"": [null, null, null, null], ""range_multi_buffers"": [null, null, null, null], ""range_num_stages"": [0, 0, 0, 0], ""range_unroll_factors"": [0, 0, 0, 0], ""range_warp_specializes"": []}","{""atomic_indexing"": [], ""block_sizes"": [2, 32, 256, 16], ""indexing"": [""pointer"", ""pointer"", ""pointer"", ""pointer"", ""pointer"", ""pointer"", ""pointer"", ""pointer"", ""pointer""], ""load_eviction_policies"": ["""", """", """", """", """", """"], ""num_stages"": 4, ""num_warps"": 4, ""pid_type"": ""flat"", ""range_flattens"": [null, null, null, null], ""range_multi_buffers"": [null, null, null, null], ""range_num_stages"": [0, 0, 0, 0], ""range_unroll_factors"": [0, 0, 0, 0], ""range_warp_specializes"": []}",
squeeze_excitation:m128_n1024_k64,multi_matmul,squeeze_excitation,Squeeze-and-excitation forward,m128_n1024_k64,bfloat16,published B200 held-out,ok,ok,ok,triton_h100_multi_matmul,"[""triton_h100_multi_matmul""]",10,123.99999797344208,16.3199994713068,30.208000913262367,7.598039337651581,4.104872690168708,0.24361291457224232,1.8509805080798514,"{""atomic_indexing"": [], ""block_sizes"": [16, 16, 16, 16], ""indexing"": [""pointer"", ""pointer"", ""pointer"", ""pointer"", ""pointer"", ""pointer"", ""pointer"", ""pointer"", ""pointer""], ""load_eviction_policies"": ["""", """", """", """", """", """"], ""num_stages"": 1, ""num_warps"": 4, ""pid_type"": ""flat"", ""range_flattens"": [null, null, null, null], ""range_multi_buffers"": [null, null, null, null], ""range_num_stages"": [0, 0, 0, 0], ""range_unroll_factors"": [0, 0, 0, 0], ""range_warp_specializes"": []}","{""atomic_indexing"": [], ""block_sizes"": [1, 32, 256, 16], ""indexing"": [""pointer"", ""pointer"", ""pointer"", ""pointer"", ""pointer"", ""pointer"", ""pointer"", ""pointer"", ""pointer""], ""load_eviction_policies"": ["""", """", """", """", """", """"], ""num_stages"": 4, ""num_warps"": 4, ""pid_type"": ""flat"", ""range_flattens"": [null, null, null, null], ""range_multi_buffers"": [null, null, null, null], ""range_num_stages"": [0, 0, 0, 0], ""range_unroll_factors"": [0, 0, 0, 0], ""range_warp_specializes"": []}",
squeeze_excitation:m64_n2048_k128,multi_matmul,squeeze_excitation,Squeeze-and-excitation forward,m64_n2048_k128,bfloat16,published B200 held-out,ok,ok,ok,triton_h100_multi_matmul,"[""triton_h100_multi_matmul""]",11,419.6479916572571,43.55200007557869,29.791999608278275,9.635561878421518,14.085929013662108,0.07099283256575327,0.6840558311117338,"{""atomic_indexing"": [], ""block_sizes"": [16, 16, 16, 16], ""indexing"": [""pointer"", ""pointer"", ""pointer"", ""pointer"", ""pointer"", ""pointer"", ""pointer"", ""pointer"", ""pointer""], ""load_eviction_policies"": ["""", """", """", """", """", """"], ""num_stages"": 1, ""num_warps"": 4, ""pid_type"": ""flat"", ""range_flattens"": [null, null, null, null], ""range_multi_buffers"": [null, null, null, null], ""range_num_stages"": [0, 0, 0, 0], ""range_unroll_factors"": [0, 0, 0, 0], ""range_warp_specializes"": []}","{""atomic_indexing"": [], ""block_sizes"": [1, 16, 512, 32], ""indexing"": [""pointer"", ""pointer"", ""pointer"", ""pointer"", ""pointer"", ""pointer"", ""pointer"", ""pointer"", ""pointer""], ""load_eviction_policies"": ["""", """", """", """", """", """"], ""num_stages"": 3, ""num_warps"": 4, ""pid_type"": ""flat"", ""range_flattens"": [null, null, null, null], ""range_multi_buffers"": [null, null, null, null], ""range_num_stages"": [0, 0, 0, 0], ""range_unroll_factors"": [0, 0, 0, 0], ""range_warp_specializes"": []}",
squeeze_excitation:m1024_n1024_k256,multi_matmul,squeeze_excitation,Squeeze-and-excitation forward,m1024_n1024_k256,bfloat16,published B200 held-out,ok,ok,ok,triton_h100_multi_matmul,"[""triton_h100_multi_matmul""]",11,372.6719915866852,32.35200047492981,30.97599931061268,11.519287404668404,12.030991731685768,0.08311866738020617,0.9574678182456315,"{""atomic_indexing"": [], ""block_sizes"": [16, 16, 16, 16], ""indexing"": [""pointer"", ""pointer"", ""pointer"", ""pointer"", ""pointer"", ""pointer"", ""pointer"", ""pointer"", ""pointer""], ""load_eviction_policies"": ["""", """", """", """", """", """"], ""num_stages"": 1, ""num_warps"": 4, ""pid_type"": ""flat"", ""range_flattens"": [null, null, null, null], ""range_multi_buffers"": [null, null, null, null], ""range_num_stages"": [0, 0, 0, 0], ""range_unroll_factors"": [0, 0, 0, 0], ""range_warp_specializes"": []}","{""atomic_indexing"": [], ""block_sizes"": [8, 32, 256, 64], ""indexing"": [""pointer"", ""pointer"", ""pointer"", ""pointer"", ""pointer"", ""pointer"", ""pointer"", ""pointer"", ""pointer""], ""load_eviction_policies"": ["""", """", """", """", """", """"], ""num_stages"": 3, ""num_warps"": 4, ""pid_type"": ""flat"", ""range_flattens"": [null, null, null, null], ""range_multi_buffers"": [null, null, null, null], ""range_num_stages"": [0, 0, 0, 0], ""range_unroll_factors"": [0, 0, 0, 0], ""range_warp_specializes"": []}",
squeeze_excitation:m1_n256_k16,multi_matmul,squeeze_excitation,Squeeze-and-excitation forward,m1_n256_k16,bfloat16,H100 small-M supplement,ok,ok,ok,triton_h100_multi_matmul,"[""triton_h100_multi_matmul""]",7,14.4640002399683,7.327999919652939,35.2960005402565,1.9737991810258275,0.4097914783141373,2.4402654835916855,4.816594012998864,"{""atomic_indexing"": [], ""block_sizes"": [1, 16, 16, 16], ""indexing"": [""pointer"", ""pointer"", ""pointer"", ""pointer"", ""pointer"", ""pointer"", ""pointer"", ""pointer"", ""pointer""], ""load_eviction_policies"": ["""", """", """", """", """", """"], ""num_stages"": 1, ""num_warps"": 4, ""pid_type"": ""flat"", ""range_flattens"": [null, null, null, null], ""range_multi_buffers"": [null, null, null, null], ""range_num_stages"": [0, 0, 0, 0], ""range_unroll_factors"": [0, 0, 0, 0], ""range_warp_specializes"": []}","{""atomic_indexing"": [], ""block_sizes"": [16, 16, 256, 16], ""indexing"": [""pointer"", ""pointer"", ""pointer"", ""pointer"", ""pointer"", ""pointer"", ""pointer"", ""pointer"", ""pointer""], ""load_eviction_policies"": ["""", """", """", """", """", """"], ""num_stages"": 2, ""num_warps"": 4, ""pid_type"": ""flat"", ""range_flattens"": [null, null, null, null], ""range_multi_buffers"": [null, null, null, null], ""range_num_stages"": [0, 0, 0, 0], ""range_unroll_factors"": [0, 0, 0, 0], ""range_warp_specializes"": []}",
gdn_forward_h:b1_t8192_h64_c64_d64_s128,multi_matmul,gdn_forward_h,GDN forward-H,b1_t8192_h64_c64_d64_s128,bfloat16,published B200 held-out,ok,ok,ok,triton_h100_multi_matmul,"[""triton_h100_multi_matmul""]",6,403.903990983963,158.9760035276413,4242.94376373291,2.540660112352968,0.09519428337381763,10.504832481096667,26.689208871672168,"{""atomic_indexing"": [], ""block_sizes"": [32], ""indexing"": [""pointer"", ""pointer"", ""pointer"", ""pointer"", ""pointer"", ""pointer""], ""l2_groupings"": [1], ""load_eviction_policies"": ["""", """", """", """", """"], ""loop_orders"": [[0, 1, 2]], ""num_stages"": 1, ""num_warps"": 4, ""pid_type"": ""flat"", ""range_flattens"": [null, null], ""range_multi_buffers"": [null, null], ""range_num_stages"": [0, 0], ""range_unroll_factors"": [0, 0], ""range_warp_specializes"": []}","{""atomic_indexing"": [], ""block_sizes"": [64], ""indexing"": [""pointer"", ""pointer"", ""pointer"", ""pointer"", ""pointer"", ""pointer""], ""l2_groupings"": [1], ""load_eviction_policies"": ["""", """", """", """", """"], ""loop_orders"": [[0, 1, 2]], ""num_stages"": 6, ""num_warps"": 8, ""pid_type"": ""flat"", ""range_flattens"": [null, null], ""range_multi_buffers"": [null, null], ""range_num_stages"": [0, 0], ""range_unroll_factors"": [0, 0], ""range_warp_specializes"": []}",
gdn_forward_h:b2_t8192_h32_c128_d128_s256,multi_matmul,gdn_forward_h,GDN forward-H,b2_t8192_h32_c128_d128_s256,bfloat16,published B200 held-out,ok,ok,ok,triton_h100_multi_matmul,"[""triton_h100_multi_matmul""]",5,752.7679800987244,287.55199909210205,2485.919952392578,2.6178499279276966,0.3028126385864603,3.302372069633665,8.645114484480928,"{""atomic_indexing"": [], ""block_sizes"": [32], ""indexing"": [""pointer"", ""pointer"", ""pointer"", ""pointer"", ""pointer"", ""pointer""], ""l2_groupings"": [1], ""load_eviction_policies"": ["""", """", """", """", """"], ""loop_orders"": [[0, 1, 2]], ""num_stages"": 1, ""num_warps"": 4, ""pid_type"": ""flat"", ""range_flattens"": [null, null], ""range_multi_buffers"": [null, null], ""range_num_stages"": [0, 0], ""range_unroll_factors"": [0, 0], ""range_warp_specializes"": []}","{""atomic_indexing"": [], ""block_sizes"": [128], ""indexing"": [""pointer"", ""pointer"", ""pointer"", ""pointer"", ""pointer"", ""pointer""], ""l2_groupings"": [1], ""load_eviction_policies"": ["""", """", """", """", """"], ""loop_orders"": [[0, 1, 2]], ""num_stages"": 2, ""num_warps"": 8, ""pid_type"": ""flat"", ""range_flattens"": [null, null], ""range_multi_buffers"": [null, null], ""range_num_stages"": [0, 0], ""range_unroll_factors"": [0, 0], ""range_warp_specializes"": []}",
gdn_forward_h:b4_t4096_h64_c128_d64_s128,multi_matmul,gdn_forward_h,GDN forward-H,b4_t4096_h64_c128_d64_s128,bfloat16,published B200 held-out,ok,ok,ok,triton_h100_multi_matmul,"[""triton_h100_multi_matmul""]",7,386.24000549316406,240.51199853420258,1576.2880444526672,1.6059074301785319,0.24503136140151197,4.081110247603715,6.553885270004554,"{""atomic_indexing"": [], ""block_sizes"": [32], ""indexing"": [""pointer"", ""pointer"", ""pointer"", ""pointer"", ""pointer"", ""pointer""], ""l2_groupings"": [1], ""load_eviction_policies"": ["""", """", """", """", """"], ""loop_orders"": [[0, 1, 2]], ""num_stages"": 1, ""num_warps"": 4, ""pid_type"": ""flat"", ""range_flattens"": [null, null], ""range_multi_buffers"": [null, null], ""range_num_stages"": [0, 0], ""range_unroll_factors"": [0, 0], ""range_warp_specializes"": []}","{""atomic_indexing"": [], ""block_sizes"": [128], ""indexing"": [""pointer"", ""pointer"", ""pointer"", ""pointer"", ""pointer"", ""pointer""], ""l2_groupings"": [1], ""load_eviction_policies"": ["""", """", """", """", """"], ""loop_orders"": [[0, 1, 2]], ""num_stages"": 3, ""num_warps"": 8, ""pid_type"": ""flat"", ""range_flattens"": [null, null], ""range_multi_buffers"": [null, null], ""range_num_stages"": [0, 0], ""range_unroll_factors"": [0, 0], ""range_warp_specializes"": []}",
gdn_forward_h:b8_t2048_h32_c256_d64_s128,multi_matmul,gdn_forward_h,GDN forward-H,b8_t2048_h32_c256_d64_s128,bfloat16,published B200 held-out,ok,ok,ok,triton_h100_multi_matmul,"[""triton_h100_multi_matmul""]",7,223.03999960422516,167.71200299263,646.6240286827087,1.3298988481702558,0.3449299588488822,2.8991393016056093,3.85556201789042,"{""atomic_indexing"": [], ""block_sizes"": [32], ""indexing"": [""pointer"", ""pointer"", ""pointer"", ""pointer"", ""pointer"", ""pointer""], ""l2_groupings"": [1], ""load_eviction_policies"": ["""", """", """", """", """"], ""loop_orders"": [[0, 1, 2]], ""num_stages"": 1, ""num_warps"": 4, ""pid_type"": ""flat"", ""range_flattens"": [null, null], ""range_multi_buffers"": [null, null], ""range_num_stages"": [0, 0], ""range_unroll_factors"": [0, 0], ""range_warp_specializes"": [], ""static_ranges"": [false]}","{""atomic_indexing"": [], ""block_sizes"": [128], ""indexing"": [""pointer"", ""pointer"", ""pointer"", ""pointer"", ""pointer"", ""pointer""], ""l2_groupings"": [1], ""load_eviction_policies"": ["""", """", """", """", """"], ""loop_orders"": [[0, 1, 2]], ""num_stages"": 1, ""num_warps"": 8, ""pid_type"": ""flat"", ""range_flattens"": [null, null], ""range_multi_buffers"": [null, null], ""range_num_stages"": [0, 0], ""range_unroll_factors"": [0, 0], ""range_warp_specializes"": [], ""static_ranges"": [false]}",
gdn_forward_h:b8_t4096_h80_c256_d64_s128,multi_matmul,gdn_forward_h,GDN forward-H,b8_t4096_h80_c256_d64_s128,bfloat16,published B200 held-out,ok,ok,ok,triton_h100_multi_matmul,"[""triton_h100_multi_matmul""]",7,1438.4640455245972,806.7839741706848,3023.4400033950806,1.7829606085113843,0.47577065988057227,2.1018530235786703,3.747521145921319,"{""atomic_indexing"": [], ""block_sizes"": [32], ""indexing"": [""pointer"", ""pointer"", ""pointer"", ""pointer"", ""pointer"", ""pointer""], ""l2_groupings"": [1], ""load_eviction_policies"": ["""", """", """", """", """"], ""loop_orders"": [[0, 1, 2]], ""num_stages"": 1, ""num_warps"": 4, ""pid_type"": ""flat"", ""range_flattens"": [null, null], ""range_multi_buffers"": [null, null], ""range_num_stages"": [0, 0], ""range_unroll_factors"": [0, 0], ""range_warp_specializes"": []}","{""atomic_indexing"": [], ""block_sizes"": [128], ""indexing"": [""pointer"", ""pointer"", ""pointer"", ""pointer"", ""pointer"", ""pointer""], ""l2_groupings"": [1], ""load_eviction_policies"": ["""", """", """", """", """"], ""loop_orders"": [[0, 1, 2]], ""num_stages"": 1, ""num_warps"": 8, ""pid_type"": ""flat"", ""range_flattens"": [null, null], ""range_multi_buffers"": [null, null], ""range_num_stages"": [0, 0], ""range_unroll_factors"": [0, 0], ""range_warp_specializes"": []}",
gdn_forward_h:b1_t4096_h32_c64_d128_s256,multi_matmul,gdn_forward_h,GDN forward-H,b1_t4096_h32_c64_d128_s256,bfloat16,H100 breadth supplement,ok,ok,ok,triton_h100_multi_matmul,"[""triton_h100_multi_matmul""]",5,241.15200340747833,118.17599833011627,2225.4079580307007,2.0406174419092893,0.10836305430527786,9.228237487500337,18.831302375074348,"{""atomic_indexing"": [], ""block_sizes"": [32], ""indexing"": [""pointer"", ""pointer"", ""pointer"", ""pointer"", ""pointer"", ""pointer""], ""l2_groupings"": [1], ""load_eviction_policies"": ["""", """", """", """", """"], ""loop_orders"": [[0, 1, 2]], ""num_stages"": 1, ""num_warps"": 4, ""pid_type"": ""flat"", ""range_flattens"": [null, null], ""range_multi_buffers"": [null, null], ""range_num_stages"": [0, 0], ""range_unroll_factors"": [0, 0], ""range_warp_specializes"": []}","{""atomic_indexing"": [], ""block_sizes"": [64], ""indexing"": [""pointer"", ""pointer"", ""pointer"", ""pointer"", ""pointer"", ""pointer""], ""l2_groupings"": [1], ""load_eviction_policies"": ["""", """", """", """", """"], ""loop_orders"": [[0, 1, 2]], ""num_stages"": 5, ""num_warps"": 8, ""pid_type"": ""flat"", ""range_flattens"": [null, null], ""range_multi_buffers"": [null, null], ""range_num_stages"": [0, 0], ""range_unroll_factors"": [0, 0], ""range_warp_specializes"": []}",
mamba2_chunk_scan:b1_h64_g8_t8192_c64_d64_s128,multi_matmul,mamba2_chunk_scan,Mamba-2 chunk scan,b1_h64_g8_t8192_c64_d64_s128,bfloat16,published B200 held-out,ok,ok,ok,triton_h100_multi_matmul,"[""triton_h100_multi_matmul""]",5,377.1840035915375,114.97599631547928,471.0240066051483,3.280545641514541,0.8007744792246324,1.2487910465981285,4.096716025079872,"{""atomic_indexing"": [], ""block_sizes"": [16, 16, 64], ""indexing"": [""pointer"", ""pointer"", ""pointer"", ""pointer"", ""pointer"", ""pointer"", ""pointer"", ""pointer"", ""pointer"", ""pointer""], ""l2_groupings"": [1], ""load_eviction_policies"": ["""", """", """", """", """", """", """", """", """"], ""loop_orders"": [[0, 1, 2, 3, 4]], ""num_stages"": 1, ""num_warps"": 4, ""pid_type"": ""flat"", ""range_flattens"": [null, null], ""range_multi_buffers"": [null, null], ""range_num_stages"": [0, 0], ""range_unroll_factors"": [0, 0], ""range_warp_specializes"": []}","{""atomic_indexing"": [], ""block_sizes"": [64, 64, 64], ""indexing"": [""pointer"", ""pointer"", ""pointer"", ""pointer"", ""pointer"", ""pointer"", ""pointer"", ""pointer"", ""pointer"", ""pointer""], ""l2_groupings"": [1], ""load_eviction_policies"": ["""", """", """", """", """", """", """", """", """"], ""loop_orders"": [[0, 1, 2, 3, 4]], ""num_stages"": 2, ""num_warps"": 4, ""pid_type"": ""flat"", ""range_flattens"": [null, null], ""range_multi_buffers"": [null, null], ""range_num_stages"": [0, 0], ""range_unroll_factors"": [0, 0], ""range_warp_specializes"": []}",
mamba2_chunk_scan:b2_h32_g8_t8192_c128_d128_s256,multi_matmul,mamba2_chunk_scan,Mamba-2 chunk scan,b2_h32_g8_t8192_c128_d128_s256,bfloat16,published B200 held-out,ok,ok,ok,triton_h100_multi_matmul,"[""triton_h100_multi_matmul""]",6,1291.8720245361328,391.7439877986908,909.4719886779785,3.2977456317721443,1.420463786261319,0.7039954201381046,2.3215978215480297,"{""atomic_indexing"": [], ""block_sizes"": [16, 16, 64], ""indexing"": [""pointer"", ""pointer"", ""pointer"", ""pointer"", ""pointer"", ""pointer"", ""pointer"", ""pointer"", ""pointer"", ""pointer""], ""l2_groupings"": [1], ""load_eviction_policies"": ["""", """", """", """", """", """", """", """", """"], ""loop_orders"": [[0, 1, 2, 3, 4]], ""num_stages"": 1, ""num_warps"": 4, ""pid_type"": ""flat"", ""range_flattens"": [null, null], ""range_multi_buffers"": [null, null], ""range_num_stages"": [0, 0], ""range_unroll_factors"": [0, 0], ""range_warp_specializes"": []}","{""atomic_indexing"": [], ""block_sizes"": [128, 128, 64], ""indexing"": [""pointer"", ""pointer"", ""pointer"", ""pointer"", ""pointer"", ""pointer"", ""pointer"", ""pointer"", ""pointer"", ""pointer""], ""l2_groupings"": [1], ""load_eviction_policies"": ["""", """", """", """", """", """", """", """", """"], ""loop_orders"": [[0, 1, 2, 3, 4]], ""num_stages"": 2, ""num_warps"": 4, ""pid_type"": ""flat"", ""range_flattens"": [null, null], ""range_multi_buffers"": [null, null], ""range_num_stages"": [0, 0], ""range_unroll_factors"": [0, 0], ""range_warp_specializes"": []}",
mamba2_chunk_scan:b4_h64_g8_t4096_c128_d64_s128,multi_matmul,mamba2_chunk_scan,Mamba-2 chunk scan,b4_h64_g8_t4096_c128_d64_s128,bfloat16,published B200 held-out,ok,ok,ok,triton_h100_multi_matmul,"[""triton_h100_multi_matmul""]",5,948.1119811534882,284.09600257873535,1045.1680421829224,3.3372943390526064,0.9071383192823956,1.1023677191710564,3.6789255487439,"{""atomic_indexing"": [], ""block_sizes"": [16, 16, 64], ""indexing"": [""pointer"", ""pointer"", ""pointer"", ""pointer"", ""pointer"", ""pointer"", ""pointer"", ""pointer"", ""pointer"", ""pointer""], ""l2_groupings"": [1], ""load_eviction_policies"": ["""", """", """", """", """", """", """", """", """"], ""loop_orders"": [[0, 1, 2, 3, 4]], ""num_stages"": 1, ""num_warps"": 4, ""pid_type"": ""flat"", ""range_flattens"": [null, null], ""range_multi_buffers"": [null, null], ""range_num_stages"": [0, 0], ""range_unroll_factors"": [0, 0], ""range_warp_specializes"": []}","{""atomic_indexing"": [], ""block_sizes"": [128, 64, 64], ""indexing"": [""pointer"", ""pointer"", ""pointer"", ""pointer"", ""pointer"", ""pointer"", ""pointer"", ""pointer"", ""pointer"", ""pointer""], ""l2_groupings"": [1], ""load_eviction_policies"": ["""", """", """", """", """", """", """", """", """"], ""loop_orders"": [[0, 1, 2, 3, 4]], ""num_stages"": 2, ""num_warps"": 4, ""pid_type"": ""flat"", ""range_flattens"": [null, null], ""range_multi_buffers"": [null, null], ""range_num_stages"": [0, 0], ""range_unroll_factors"": [0, 0], ""range_warp_specializes"": []}",
mamba2_chunk_scan:b8_h32_g4_t2048_c256_d64_s128,multi_matmul,mamba2_chunk_scan,Mamba-2 chunk scan,b8_h32_g4_t2048_c256_d64_s128,bfloat16,published B200 held-out,ok,ok,ok,triton_h100_multi_matmul,"[""triton_h100_multi_matmul""]",6,619.4559931755066,179.26399409770966,748.960018157959,3.455551664423285,0.8270881998468183,1.2090608960268157,4.1779723916545715,"{""atomic_indexing"": [], ""block_sizes"": [16, 16, 64], ""indexing"": [""pointer"", ""pointer"", ""pointer"", ""pointer"", ""pointer"", ""pointer"", ""pointer"", ""pointer"", ""pointer"", ""pointer""], ""l2_groupings"": [1], ""load_eviction_policies"": ["""", """", """", """", """", """", """", """", """"], ""loop_orders"": [[0, 1, 2, 3, 4]], ""num_stages"": 1, ""num_warps"": 4, ""pid_type"": ""flat"", ""range_flattens"": [null, null], ""range_multi_buffers"": [null, null], ""range_num_stages"": [0, 0], ""range_unroll_factors"": [0, 0], ""range_warp_specializes"": []}","{""atomic_indexing"": [], ""block_sizes"": [128, 64, 64], ""indexing"": [""pointer"", ""pointer"", ""pointer"", ""pointer"", ""pointer"", ""pointer"", ""pointer"", ""pointer"", ""pointer"", ""pointer""], ""l2_groupings"": [1], ""load_eviction_policies"": ["""", """", """", """", """", """", """", """", """"], ""loop_orders"": [[0, 1, 2, 3, 4]], ""num_stages"": 2, ""num_warps"": 4, ""pid_type"": ""flat"", ""range_flattens"": [null, null], ""range_multi_buffers"": [null, null], ""range_num_stages"": [0, 0], ""range_unroll_factors"": [0, 0], ""range_warp_specializes"": []}",
mamba2_chunk_scan:b8_h80_g1_t4096_c256_d64_s128,multi_matmul,mamba2_chunk_scan,Mamba-2 chunk scan,b8_h80_g1_t4096_c256_d64_s128,bfloat16,published B200 held-out,ok,ok,ok,triton_h100_multi_matmul,"[""triton_h100_multi_matmul""]",6,2995.10395526886,782.1440100669861,3444.0319538116455,3.8293510104518305,0.8696504548844446,1.1498872844640502,4.403322034668122,"{""atomic_indexing"": [], ""block_sizes"": [16, 16, 64], ""indexing"": [""pointer"", ""pointer"", ""pointer"", ""pointer"", ""pointer"", ""pointer"", ""pointer"", ""pointer"", ""pointer"", ""pointer""], ""l2_groupings"": [1], ""load_eviction_policies"": ["""", """", """", """", """", """", """", """", """"], ""loop_orders"": [[0, 1, 2, 3, 4]], ""num_stages"": 1, ""num_warps"": 4, ""pid_type"": ""flat"", ""range_flattens"": [null, null], ""range_multi_buffers"": [null, null], ""range_num_stages"": [0, 0], ""range_unroll_factors"": [0, 0], ""range_warp_specializes"": []}","{""atomic_indexing"": [], ""block_sizes"": [128, 64, 64], ""indexing"": [""pointer"", ""pointer"", ""pointer"", ""pointer"", ""pointer"", ""pointer"", ""pointer"", ""pointer"", ""pointer"", ""pointer""], ""l2_groupings"": [1], ""load_eviction_policies"": ["""", """", """", """", """", """", """", """", """"], ""loop_orders"": [[0, 1, 2, 3, 4]], ""num_stages"": 2, ""num_warps"": 4, ""pid_type"": ""flat"", ""range_flattens"": [null, null], ""range_multi_buffers"": [null, null], ""range_num_stages"": [0, 0], ""range_unroll_factors"": [0, 0], ""range_warp_specializes"": []}",
mamba2_chunk_scan:b1_h128_g8_t2048_c256_d64_s128,multi_matmul,mamba2_chunk_scan,Mamba-2 chunk scan,b1_h128_g8_t2048_c256_d64_s128,bfloat16,H100 breadth supplement,ok,ok,ok,triton_h100_multi_matmul,"[""triton_h100_multi_matmul""]",6,310.2079927921295,95.45599669218063,377.75999307632446,3.2497486123628785,0.8211774631451075,1.2177635710678207,3.957425475263714,"{""atomic_indexing"": [], ""block_sizes"": [16, 16, 64], ""indexing"": [""pointer"", ""pointer"", ""pointer"", ""pointer"", ""pointer"", ""pointer"", ""pointer"", ""pointer"", ""pointer"", ""pointer""], ""l2_groupings"": [1], ""load_eviction_policies"": ["""", """", """", """", """", """", """", """", """"], ""loop_orders"": [[0, 1, 2, 3, 4]], ""num_stages"": 1, ""num_warps"": 4, ""pid_type"": ""flat"", ""range_flattens"": [null, null], ""range_multi_buffers"": [null, null], ""range_num_stages"": [0, 0], ""range_unroll_factors"": [0, 0], ""range_warp_specializes"": []}","{""atomic_indexing"": [], ""block_sizes"": [128, 64, 64], ""indexing"": [""pointer"", ""pointer"", ""pointer"", ""pointer"", ""pointer"", ""pointer"", ""pointer"", ""pointer"", ""pointer"", ""pointer""], ""l2_groupings"": [1], ""load_eviction_policies"": ["""", """", """", """", """", """", """", """", """"], ""loop_orders"": [[0, 1, 2, 3, 4]], ""num_stages"": 2, ""num_warps"": 4, ""pid_type"": ""flat"", ""range_flattens"": [null, null], ""range_multi_buffers"": [null, null], ""range_num_stages"": [0, 0], ""range_unroll_factors"": [0, 0], ""range_warp_specializes"": []}",
