cell_key,kernel,shape_json,default_status,seed_status,aot_tuned_status,vllm_cuda_status,default_us,seed_us,aot_tuned_us,vllm_cuda_us,default_vs_vllm_cuda,seed_vs_vllm_cuda,aot_tuned_vs_vllm_cuda,vllm_cuda_vs_vllm_cuda
"dynamic_per_token_scaled_fp8_quant::hidden_size=2048,num_tokens=1",dynamic_per_token_scaled_fp8_quant,"{""hidden_size"": 2048, ""num_tokens"": 1}",ok,ok,ok,ok,13.504000380635262,6.0800001956522465,6.000000052154064,6.688000168651342,0.4952606620362612,1.0999999923410975,1.1146666850861575,1.0
"dynamic_per_token_scaled_fp8_quant::hidden_size=4096,num_tokens=1",dynamic_per_token_scaled_fp8_quant,"{""hidden_size"": 4096, ""num_tokens"": 1}",ok,ok,ok,ok,20.959999412298203,6.255999905988574,6.0800001956522465,6.86399987898767,0.3274809194393509,1.0971866979117257,1.1289473121885842,1.0
"dynamic_per_token_scaled_fp8_quant::hidden_size=2048,num_tokens=4",dynamic_per_token_scaled_fp8_quant,"{""hidden_size"": 2048, ""num_tokens"": 4}",ok,ok,ok,ok,13.856000266969204,6.304000038653612,6.240000016987324,6.943999789655209,0.5011547095743601,1.1015228025186188,1.1128204760819498,1.0
"dynamic_per_token_scaled_fp8_quant::hidden_size=4096,num_tokens=4",dynamic_per_token_scaled_fp8_quant,"{""hidden_size"": 4096, ""num_tokens"": 4}",ok,ok,ok,ok,21.856000646948814,6.271999794989824,6.240000016987324,6.84799998998642,0.3133235627416779,1.091836768785725,1.097435892843577,1.0
"dynamic_per_token_scaled_fp8_quant::hidden_size=2048,num_tokens=16",dynamic_per_token_scaled_fp8_quant,"{""hidden_size"": 2048, ""num_tokens"": 16}",ok,ok,ok,ok,13.952000066637993,6.3680000603199005,6.335999816656113,7.040000054985285,0.5045871574943097,1.1055276363536382,1.1111111519414019,1.0
"dynamic_per_token_scaled_fp8_quant::hidden_size=4096,num_tokens=16",dynamic_per_token_scaled_fp8_quant,"{""hidden_size"": 4096, ""num_tokens"": 16}",ok,ok,ok,ok,22.096000611782074,6.60800002515316,6.6559999249875546,7.168000098317862,0.32440260227435574,1.084745773461422,1.0769231038312046,1.0
"dynamic_per_token_scaled_fp8_quant::hidden_size=2048,num_tokens=64",dynamic_per_token_scaled_fp8_quant,"{""hidden_size"": 2048, ""num_tokens"": 64}",ok,ok,ok,ok,14.175999909639359,6.560000125318766,6.527999881654978,7.23200011998415,0.51015802525976,1.1024390216200994,1.1078431757187308,1.0
"dynamic_per_token_scaled_fp8_quant::hidden_size=4096,num_tokens=64",dynamic_per_token_scaled_fp8_quant,"{""hidden_size"": 4096, ""num_tokens"": 64}",ok,ok,ok,ok,23.04000034928322,6.783999968320131,6.783999968320131,7.2639998979866505,0.3152777685705476,1.0707547069439887,1.0707547069439887,1.0
"dynamic_per_token_scaled_fp8_quant::hidden_size=2048,num_tokens=256",dynamic_per_token_scaled_fp8_quant,"{""hidden_size"": 2048, ""num_tokens"": 256}",ok,ok,ok,ok,14.751999638974667,6.943999789655209,6.783999968320131,7.648000027984381,0.5184381924589007,1.1013825258718979,1.1273584999556234,1.0
"dynamic_per_token_scaled_fp8_quant::hidden_size=4096,num_tokens=256",dynamic_per_token_scaled_fp8_quant,"{""hidden_size"": 4096, ""num_tokens"": 256}",ok,ok,ok,ok,23.615999147295952,8.224000222980976,7.488000206649303,8.464000187814236,0.3584011049044846,1.0291828743100722,1.1303418742294171,1.0
"dynamic_per_token_scaled_fp8_quant::hidden_size=2048,num_tokens=1024",dynamic_per_token_scaled_fp8_quant,"{""hidden_size"": 2048, ""num_tokens"": 1024}",ok,ok,ok,ok,24.73600022494793,9.247999638319016,9.072000160813332,9.727999567985535,0.3932729414424159,1.0519031086114714,1.0723103390149622,1.0
"dynamic_per_token_scaled_fp8_quant::hidden_size=4096,num_tokens=1024",dynamic_per_token_scaled_fp8_quant,"{""hidden_size"": 4096, ""num_tokens"": 1024}",ok,ok,ok,ok,44.8479987680912,11.52000017464161,11.359999887645245,12.128000147640705,0.2704245558504079,1.0527777746338456,1.0676056573583872,1.0
"dynamic_per_token_scaled_fp8_quant::hidden_size=2048,num_tokens=2048",dynamic_per_token_scaled_fp8_quant,"{""hidden_size"": 2048, ""num_tokens"": 2048}",ok,ok,ok,ok,39.744000881910324,11.168000288307667,11.52000017464161,12.319999746978283,0.3099838836956596,1.1031518113297958,1.0694444062681243,1.0
"dynamic_per_token_scaled_fp8_quant::hidden_size=4096,num_tokens=2048",dynamic_per_token_scaled_fp8_quant,"{""hidden_size"": 4096, ""num_tokens"": 2048}",ok,ok,ok,ok,74.0639977157116,15.568000264465809,15.296000055968761,16.448000445961952,0.22207821550621956,1.0565262183033717,1.0753138327522207,1.0
"dynamic_per_token_scaled_fp8_quant::hidden_size=2048,num_tokens=4096",dynamic_per_token_scaled_fp8_quant,"{""hidden_size"": 2048, ""num_tokens"": 4096}",ok,ok,ok,ok,69.63200122117996,15.359999611973763,15.839999541640282,17.72800087928772,0.2545955963979302,1.1541667530686655,1.1191920070883998,1.0
"dynamic_per_token_scaled_fp8_quant::hidden_size=4096,num_tokens=4096",dynamic_per_token_scaled_fp8_quant,"{""hidden_size"": 4096, ""num_tokens"": 4096}",ok,ok,ok,ok,134.0159997344017,24.304000660777092,24.000000208616257,25.280000641942024,0.1886341980960702,1.0401579968165506,1.0533333509249818,1.0
"dynamic_per_token_scaled_fp8_quant::hidden_size=5120,num_tokens=1",dynamic_per_token_scaled_fp8_quant,"{""hidden_size"": 5120, ""num_tokens"": 1}",ok,ok,ok,ok,25.087999179959297,6.752000190317631,6.560000125318766,7.935999892652035,0.3163265366730178,1.1753554012087055,1.2097560580864175,1.0
"dynamic_per_token_scaled_fp8_quant::hidden_size=5120,num_tokens=4",dynamic_per_token_scaled_fp8_quant,"{""hidden_size"": 5120, ""num_tokens"": 4}",ok,ok,ok,ok,25.34399926662445,6.544000003486872,6.479999981820583,7.872000336647034,0.3106060828771283,1.2029340361327256,1.2148148701746389,1.0
"dynamic_per_token_scaled_fp8_quant::hidden_size=5120,num_tokens=16",dynamic_per_token_scaled_fp8_quant,"{""hidden_size"": 5120, ""num_tokens"": 16}",ok,ok,ok,ok,25.631999596953392,6.87999976798892,6.84799998998642,8.208000101149082,0.32022472808265345,1.193023310747632,1.1985981473643899,1.0
"dynamic_per_token_scaled_fp8_quant::hidden_size=5120,num_tokens=64",dynamic_per_token_scaled_fp8_quant,"{""hidden_size"": 5120, ""num_tokens"": 64}",ok,ok,ok,ok,26.127999648451805,6.720000179484487,6.496000103652477,8.00000037997961,0.30618495436383875,1.1904762152243449,1.231527132439774,1.0
"dynamic_per_token_scaled_fp8_quant::hidden_size=5120,num_tokens=256",dynamic_per_token_scaled_fp8_quant,"{""hidden_size"": 5120, ""num_tokens"": 256}",ok,ok,ok,ok,27.904000133275986,8.54399986565113,8.320000022649765,9.664000011980534,0.3463302740045522,1.131086161509911,1.1615384598163414,1.0
"dynamic_per_token_scaled_fp8_quant::hidden_size=5120,num_tokens=1024",dynamic_per_token_scaled_fp8_quant,"{""hidden_size"": 5120, ""num_tokens"": 1024}",ok,ok,ok,ok,60.03199890255928,13.120000250637531,12.992000207304955,14.655999839305878,0.24413646234060454,1.1170731371437062,1.1280787873652676,1.0
"dynamic_per_token_scaled_fp8_quant::hidden_size=5120,num_tokens=2048",dynamic_per_token_scaled_fp8_quant,"{""hidden_size"": 5120, ""num_tokens"": 2048}",ok,ok,ok,ok,92.28800237178802,18.928000703454018,19.807999953627586,22.304000332951546,0.2416782220845834,1.178360075234014,1.1260097124983508,1.0
"dynamic_per_token_scaled_fp8_quant::hidden_size=5120,num_tokens=4096",dynamic_per_token_scaled_fp8_quant,"{""hidden_size"": 5120, ""num_tokens"": 4096}",ok,ok,ok,ok,168.12799870967865,29.64800037443638,29.999999329447746,34.52799841761589,0.2053673313344936,1.1645978811909092,1.1509333063125604,1.0
"per_token_group_fp8_quant::hidden_size=5120,group_size=128,num_tokens=16",per_token_group_fp8_quant,"{""group_size"": 128, ""hidden_size"": 5120, ""num_tokens"": 16}",ok,ok,ok,ok,6.752000190317631,6.688000168651342,6.207999773323536,7.104000076651573,1.0521326831179167,1.0622009416133311,1.1443299510380542,1.0
"per_token_group_fp8_quant::hidden_size=2048,group_size=128,num_tokens=1",per_token_group_fp8_quant,"{""group_size"": 128, ""hidden_size"": 2048, ""num_tokens"": 1}",ok,ok,ok,ok,5.888000130653381,5.8559998869895935,5.663999821990728,6.3680000603199005,1.081521725376262,1.0874317252751027,1.1242938312949553,1.0
"per_token_group_fp8_quant::hidden_size=2048,group_size=128,num_tokens=4",per_token_group_fp8_quant,"{""group_size"": 128, ""hidden_size"": 2048, ""num_tokens"": 4}",ok,ok,ok,ok,6.304000038653612,6.527999881654978,6.144000217318535,6.816000211983919,1.0812183011089667,1.0441176984604859,1.1093749952630485,1.0
"per_token_group_fp8_quant::hidden_size=2048,group_size=128,num_tokens=16",per_token_group_fp8_quant,"{""group_size"": 128, ""hidden_size"": 2048, ""num_tokens"": 16}",ok,ok,ok,ok,6.191999884322286,6.160000106319785,5.919999908655882,6.752000190317631,1.0904393275932105,1.096103908081185,1.1405405902870447,1.0
"per_token_group_fp8_quant::hidden_size=2048,group_size=128,num_tokens=64",per_token_group_fp8_quant,"{""group_size"": 128, ""hidden_size"": 2048, ""num_tokens"": 64}",ok,ok,ok,ok,6.399999838322401,6.527999881654978,6.304000038653612,6.976000033318996,1.09000003274181,1.0686274754573741,1.106598983271724,1.0
"per_token_group_fp8_quant::hidden_size=2048,group_size=128,num_tokens=256",per_token_group_fp8_quant,"{""group_size"": 128, ""hidden_size"": 2048, ""num_tokens"": 256}",ok,ok,ok,ok,6.976000033318996,7.648000027984381,6.752000190317631,7.615999784320593,1.0917430831342902,0.995815867737095,1.127962021571317,1.0
"per_token_group_fp8_quant::hidden_size=2048,group_size=128,num_tokens=1024",per_token_group_fp8_quant,"{""group_size"": 128, ""hidden_size"": 2048, ""num_tokens"": 1024}",ok,ok,ok,ok,9.056000038981438,8.86400043964386,9.088000282645226,11.19999960064888,1.2367490671862438,1.2635377984140619,1.2323942839258935,1.0
"per_token_group_fp8_quant::hidden_size=2048,group_size=128,num_tokens=2048",per_token_group_fp8_quant,"{""group_size"": 128, ""hidden_size"": 2048, ""num_tokens"": 2048}",ok,ok,ok,ok,11.183999944478273,11.087999679148197,10.143999941647053,15.39199985563755,1.3762517821932605,1.3881674153168801,1.5173501522258876,1.0
"per_token_group_fp8_quant::hidden_size=2048,group_size=128,num_tokens=8192",per_token_group_fp8_quant,"{""group_size"": 128, ""hidden_size"": 2048, ""num_tokens"": 8192}",ok,ok,ok,ok,24.383999407291412,24.431999772787094,23.744000121951103,39.56799954175949,1.6227034327243173,1.619515385958345,1.6664420206593265,1.0
"per_token_group_fp8_quant::hidden_size=4096,group_size=128,num_tokens=1",per_token_group_fp8_quant,"{""group_size"": 128, ""hidden_size"": 4096, ""num_tokens"": 1}",ok,ok,ok,ok,6.047999951988459,5.98399993032217,5.95200015231967,6.640000035986304,1.0978836125491713,1.1096256873834582,1.1155913753460676,1.0
"per_token_group_fp8_quant::hidden_size=4096,group_size=128,num_tokens=4",per_token_group_fp8_quant,"{""group_size"": 128, ""hidden_size"": 4096, ""num_tokens"": 4}",ok,ok,ok,ok,6.399999838322401,6.304000038653612,6.016000173985958,6.816000211983919,1.0650000600266518,1.0812183011089667,1.1329787258745894,1.0
"per_token_group_fp8_quant::hidden_size=4096,group_size=128,num_tokens=16",per_token_group_fp8_quant,"{""group_size"": 128, ""hidden_size"": 4096, ""num_tokens"": 16}",ok,ok,ok,ok,6.591999903321266,6.432000081986189,6.240000016987324,6.800000090152025,1.031553426863062,1.057213930888539,1.0897436012243906,1.0
"per_token_group_fp8_quant::hidden_size=4096,group_size=128,num_tokens=64",per_token_group_fp8_quant,"{""group_size"": 128, ""hidden_size"": 4096, ""num_tokens"": 64}",ok,ok,ok,ok,6.816000211983919,7.552000228315592,6.6559999249875546,7.151999976485968,1.0492957385639883,0.947033866560298,1.0745192393461964,1.0
"per_token_group_fp8_quant::hidden_size=4096,group_size=128,num_tokens=256",per_token_group_fp8_quant,"{""group_size"": 128, ""hidden_size"": 4096, ""num_tokens"": 256}",ok,ok,ok,ok,7.903999648988247,7.7760000713169575,7.568000117316842,8.736000396311283,1.1052632571193923,1.1234568307857202,1.1543340725275442,1.0
"per_token_group_fp8_quant::hidden_size=4096,group_size=128,num_tokens=1024",per_token_group_fp8_quant,"{""group_size"": 128, ""hidden_size"": 4096, ""num_tokens"": 1024}",ok,ok,ok,ok,11.807999573647976,11.58399973064661,11.247999966144562,15.48799965530634,1.311653134699552,1.3370165759181878,1.376955876771318,1.0
"per_token_group_fp8_quant::hidden_size=4096,group_size=128,num_tokens=2048",per_token_group_fp8_quant,"{""group_size"": 128, ""hidden_size"": 4096, ""num_tokens"": 2048}",ok,ok,ok,ok,15.968000516295433,15.744000673294067,15.231999568641186,23.360000923275948,1.462925862222821,1.4837398325890956,1.5336135494231664,1.0
"per_token_group_fp8_quant::hidden_size=4096,group_size=128,num_tokens=8192",per_token_group_fp8_quant,"{""group_size"": 128, ""hidden_size"": 4096, ""num_tokens"": 8192}",ok,ok,ok,ok,41.79200157523155,41.82400181889534,40.511999279260635,71.48800045251846,1.7105665619731059,1.7092577788723569,1.7646129967502102,1.0
"per_token_group_fp8_quant::hidden_size=5120,group_size=128,num_tokens=1",per_token_group_fp8_quant,"{""group_size"": 128, ""hidden_size"": 5120, ""num_tokens"": 1}",ok,ok,ok,ok,6.3680000603199005,6.144000217318535,6.0159999411553144,6.704000057652593,1.052763818176819,1.091145804122133,1.1143617226108473,1.0
"per_token_group_fp8_quant::hidden_size=5120,group_size=128,num_tokens=4",per_token_group_fp8_quant,"{""group_size"": 128, ""hidden_size"": 5120, ""num_tokens"": 4}",ok,ok,ok,ok,6.560000125318766,6.3680000603199005,6.175999995321035,6.84799998998642,1.043902417555771,1.0753768726632842,1.1088082893741085,1.0
"per_token_group_fp8_quant::hidden_size=5120,group_size=128,num_tokens=64",per_token_group_fp8_quant,"{""group_size"": 128, ""hidden_size"": 5120, ""num_tokens"": 64}",ok,ok,ok,ok,6.84799998998642,8.063999935984612,6.496000103652477,7.295999908819795,1.0654205489907227,0.9047619006372122,1.1231526774018223,1.0
"per_token_group_fp8_quant::hidden_size=5120,group_size=128,num_tokens=256",per_token_group_fp8_quant,"{""group_size"": 128, ""hidden_size"": 5120, ""num_tokens"": 256}",ok,ok,ok,ok,8.86400043964386,8.576000109314919,7.840000092983246,9.247999638319016,1.0433212070881377,1.0783581530361919,1.1795917766118296,1.0
"per_token_group_fp8_quant::hidden_size=5120,group_size=128,num_tokens=1024",per_token_group_fp8_quant,"{""group_size"": 128, ""hidden_size"": 5120, ""num_tokens"": 1024}",ok,ok,ok,ok,14.751999638974667,12.128000147640705,11.855999939143658,17.16800034046173,1.1637744550307614,1.4155672931618055,1.448043221034442,1.0
"per_token_group_fp8_quant::hidden_size=5120,group_size=128,num_tokens=2048",per_token_group_fp8_quant,"{""group_size"": 128, ""hidden_size"": 5120, ""num_tokens"": 2048}",ok,ok,ok,ok,22.624000906944275,18.400000408291817,17.839999869465828,27.327999472618103,1.207920720345709,1.4852173296856532,1.5318385466690234,1.0
"per_token_group_fp8_quant::hidden_size=5120,group_size=128,num_tokens=8192",per_token_group_fp8_quant,"{""group_size"": 128, ""hidden_size"": 5120, ""num_tokens"": 8192}",ok,ok,ok,ok,72.04799726605415,50.783999264240265,49.0880012512207,87.08800002932549,1.2087497686817386,1.7148708508793795,1.774119903225023,1.0
"rms_norm_dynamic_per_token_quant::hidden_size=2048,num_tokens=1",rms_norm_dynamic_per_token_quant,"{""hidden_size"": 2048, ""num_tokens"": 1}",ok,ok,ok,ok,32.016001641750336,7.023999933153391,6.976000033318996,7.952000014483929,0.24837579980987243,1.1321184638613624,1.1399082535125187,1.0
"rms_norm_dynamic_per_token_quant::hidden_size=4096,num_tokens=1",rms_norm_dynamic_per_token_quant,"{""hidden_size"": 4096, ""num_tokens"": 1}",ok,ok,ok,ok,55.215999484062195,7.455999962985516,7.2639998979866505,8.48000030964613,0.15357867989139337,1.1373391029699773,1.167400940079379,1.0
"rms_norm_dynamic_per_token_quant::hidden_size=2048,num_tokens=2",rms_norm_dynamic_per_token_quant,"{""hidden_size"": 2048, ""num_tokens"": 2}",ok,ok,ok,ok,34.32000055909157,7.071999832987785,7.023999933153391,7.968000136315823,0.23216783235759747,1.1266968784626645,1.1343963855561467,1.0
"rms_norm_dynamic_per_token_quant::hidden_size=4096,num_tokens=2",rms_norm_dynamic_per_token_quant,"{""hidden_size"": 4096, ""num_tokens"": 2}",ok,ok,ok,ok,55.904000997543335,7.424000184983015,7.199999876320362,8.511999621987343,0.15226100941078255,1.146551644651773,1.182222190028355,1.0
"rms_norm_dynamic_per_token_quant::hidden_size=2048,num_tokens=4",rms_norm_dynamic_per_token_quant,"{""hidden_size"": 2048, ""num_tokens"": 4}",ok,ok,ok,ok,31.408000737428665,6.783999968320131,6.783999968320131,7.712000049650669,0.2455425327489992,1.1367924654575627,1.1367924654575627,1.0
"rms_norm_dynamic_per_token_quant::hidden_size=4096,num_tokens=4",rms_norm_dynamic_per_token_quant,"{""hidden_size"": 4096, ""num_tokens"": 4}",ok,ok,ok,ok,55.36000058054924,7.23200011998415,7.104000076651573,8.320000022649765,0.15028901617412554,1.1504424619213087,1.1711711617226426,1.0
"rms_norm_dynamic_per_token_quant::hidden_size=2048,num_tokens=8",rms_norm_dynamic_per_token_quant,"{""hidden_size"": 2048, ""num_tokens"": 8}",ok,ok,ok,ok,31.295999884605408,6.560000125318766,6.560000125318766,7.712000049650669,0.246421270388751,1.1756097412080346,1.1756097412080346,1.0
"rms_norm_dynamic_per_token_quant::hidden_size=4096,num_tokens=8",rms_norm_dynamic_per_token_quant,"{""hidden_size"": 4096, ""num_tokens"": 8}",ok,ok,ok,ok,54.78399991989136,7.2639998979866505,7.135999854654074,8.320000022649765,0.151869159514015,1.145374468542573,1.1659193094326494,1.0
"rms_norm_dynamic_per_token_quant::hidden_size=2048,num_tokens=16",rms_norm_dynamic_per_token_quant,"{""hidden_size"": 2048, ""num_tokens"": 16}",ok,ok,ok,ok,31.136000528931618,6.6559999249875546,6.6559999249875546,7.679999805986881,0.24665980458378442,1.1538461377012772,1.1538461377012772,1.0
"rms_norm_dynamic_per_token_quant::hidden_size=4096,num_tokens=16",rms_norm_dynamic_per_token_quant,"{""hidden_size"": 4096, ""num_tokens"": 16}",ok,ok,ok,ok,53.55200171470642,7.2639998979866505,7.23200011998415,8.383999578654766,0.15655809886098723,1.1541849802308703,1.1592919579034993,1.0
"rms_norm_dynamic_per_token_quant::hidden_size=2048,num_tokens=32",rms_norm_dynamic_per_token_quant,"{""hidden_size"": 2048, ""num_tokens"": 32}",ok,ok,ok,ok,31.456001102924347,7.007999811321497,7.007999811321497,7.968000136315823,0.25330620094539186,1.136986351432749,1.136986351432749,1.0
"rms_norm_dynamic_per_token_quant::hidden_size=4096,num_tokens=32",rms_norm_dynamic_per_token_quant,"{""hidden_size"": 4096, ""num_tokens"": 32}",ok,ok,ok,ok,53.98400127887726,7.327999919652939,7.1199999656528234,8.464000187814236,0.15678719597107765,1.1550218723549193,1.1887640770568715,1.0
"rms_norm_dynamic_per_token_quant::hidden_size=2048,num_tokens=64",rms_norm_dynamic_per_token_quant,"{""hidden_size"": 2048, ""num_tokens"": 64}",ok,ok,ok,ok,31.456001102924347,6.943999789655209,7.007999811321497,8.063999935984612,0.25635807646366504,1.1612903485391688,1.1506849533524723,1.0
"rms_norm_dynamic_per_token_quant::hidden_size=4096,num_tokens=64",rms_norm_dynamic_per_token_quant,"{""hidden_size"": 4096, ""num_tokens"": 64}",ok,ok,ok,ok,57.08799883723259,7.568000117316842,7.296000141650438,8.736000396311283,0.1530269158885579,1.1543340725275442,1.1973684521249337,1.0
"rms_norm_dynamic_per_token_quant::hidden_size=2048,num_tokens=128",rms_norm_dynamic_per_token_quant,"{""hidden_size"": 2048, ""num_tokens"": 128}",ok,ok,ok,ok,31.168000772595406,6.84799998998642,6.816000211983919,7.679999805986881,0.2464065585091859,1.1214953004113704,1.1267604998726195,1.0
"rms_norm_dynamic_per_token_quant::hidden_size=4096,num_tokens=128",rms_norm_dynamic_per_token_quant,"{""hidden_size"": 4096, ""num_tokens"": 128}",ok,ok,ok,ok,56.03199824690819,8.25599953532219,7.327999919652939,9.247999638319016,0.1650485423983485,1.1201550579978459,1.262008698105582,1.0
"rms_norm_dynamic_per_token_quant::hidden_size=2048,num_tokens=256",rms_norm_dynamic_per_token_quant,"{""hidden_size"": 2048, ""num_tokens"": 256}",ok,ok,ok,ok,32.52799995243549,7.935999892652035,7.168000098317862,8.960000239312649,0.2754550003816567,1.1290323034919316,1.2500000162409766,1.0
"rms_norm_dynamic_per_token_quant::hidden_size=4096,num_tokens=256",rms_norm_dynamic_per_token_quant,"{""hidden_size"": 4096, ""num_tokens"": 256}",ok,ok,ok,ok,55.79200014472008,8.704000152647495,8.832000195980072,11.231999844312668,0.20131918223361306,1.2904411359524426,1.2717390845875396,1.0
"rms_norm_dynamic_per_token_quant::hidden_size=2048,num_tokens=512",rms_norm_dynamic_per_token_quant,"{""hidden_size"": 2048, ""num_tokens"": 512}",ok,ok,ok,ok,38.2240004837513,8.671999908983707,8.464000187814236,12.240000069141388,0.3202176620509543,1.4114391371777382,1.4461247397848034,1.0
"rms_norm_dynamic_per_token_quant::hidden_size=4096,num_tokens=512",rms_norm_dynamic_per_token_quant,"{""hidden_size"": 4096, ""num_tokens"": 512}",ok,ok,ok,ok,70.94400003552437,10.688000358641148,11.04000024497509,15.296000055968761,0.21560667636881864,1.4311376817649608,1.3855072207023555,1.0
"rms_norm_dynamic_per_token_quant::hidden_size=2048,num_tokens=1024",rms_norm_dynamic_per_token_quant,"{""hidden_size"": 2048, ""num_tokens"": 1024}",ok,ok,ok,ok,60.28800085186958,10.33599954098463,9.952000342309475,18.144000321626663,0.3009554150950753,1.7554180657305085,1.8231510950105274,1.0
"rms_norm_dynamic_per_token_quant::hidden_size=4096,num_tokens=1024",rms_norm_dynamic_per_token_quant,"{""hidden_size"": 4096, ""num_tokens"": 1024}",ok,ok,ok,ok,116.11199751496315,13.791999779641628,14.14399966597557,23.32800067961216,0.20090947687473829,1.6914153895250654,1.649321353968169,1.0
"rms_norm_dynamic_per_token_quant::hidden_size=2048,num_tokens=2048",rms_norm_dynamic_per_token_quant,"{""hidden_size"": 2048, ""num_tokens"": 2048}",ok,ok,ok,ok,104.96000200510025,13.472000136971474,13.632000423967838,29.952000826597214,0.28536585608241294,2.22327794849106,2.1971830908936507,1.0
"rms_norm_dynamic_per_token_quant::hidden_size=4096,num_tokens=2048",rms_norm_dynamic_per_token_quant,"{""hidden_size"": 4096, ""num_tokens"": 2048}",ok,ok,ok,ok,207.7919989824295,20.35200037062168,20.096000283956528,39.16800022125244,0.18849619048404465,1.9245282777113077,1.949044569457032,1.0
"rms_norm_dynamic_per_token_quant::hidden_size=5120,num_tokens=1",rms_norm_dynamic_per_token_quant,"{""hidden_size"": 5120, ""num_tokens"": 1}",ok,ok,ok,ok,74.8480036854744,7.74399982765317,7.712000049650669,9.535999968647957,0.1274048671855037,1.2314049820346982,1.2365145107954076,1.0
"rms_norm_dynamic_per_token_quant::hidden_size=5120,num_tokens=2",rms_norm_dynamic_per_token_quant,"{""hidden_size"": 5120, ""num_tokens"": 2}",ok,ok,ok,ok,72.57600128650665,7.7599999494850636,7.7599999494850636,9.375999681651592,0.12918870584558895,1.2082473895214088,1.2082473895214088,1.0
"rms_norm_dynamic_per_token_quant::hidden_size=5120,num_tokens=4",rms_norm_dynamic_per_token_quant,"{""hidden_size"": 5120, ""num_tokens"": 4}",ok,ok,ok,ok,73.02399724721909,7.679999805986881,7.744000060483813,9.535999968647957,0.1305872087002346,1.2416666939515084,1.2314049450113493,1.0
"rms_norm_dynamic_per_token_quant::hidden_size=5120,num_tokens=8",rms_norm_dynamic_per_token_quant,"{""hidden_size"": 5120, ""num_tokens"": 8}",ok,ok,ok,ok,74.01599735021591,7.872000336647034,7.903999648988247,9.631999768316746,0.13013402660429932,1.2235771540146247,1.2186235065875404,1.0
"rms_norm_dynamic_per_token_quant::hidden_size=5120,num_tokens=16",rms_norm_dynamic_per_token_quant,"{""hidden_size"": 5120, ""num_tokens"": 16}",ok,ok,ok,ok,69.60000097751617,7.712000049650669,7.74399982765317,9.40799992531538,0.1351724108215828,1.2199169949099695,1.214876050451371,1.0
"rms_norm_dynamic_per_token_quant::hidden_size=5120,num_tokens=32",rms_norm_dynamic_per_token_quant,"{""hidden_size"": 5120, ""num_tokens"": 32}",ok,ok,ok,ok,70.62400132417679,7.903999648988247,8.031999692320824,9.727999567985535,0.13774353457165756,1.2307692307692308,1.2111553710947238,1.0
"rms_norm_dynamic_per_token_quant::hidden_size=5120,num_tokens=64",rms_norm_dynamic_per_token_quant,"{""hidden_size"": 5120, ""num_tokens"": 64}",ok,ok,ok,ok,70.65600156784058,7.952000014483929,8.063999935984612,9.824000298976898,0.13903985621864484,1.2354125101965885,1.218254015000484,1.0
"rms_norm_dynamic_per_token_quant::hidden_size=5120,num_tokens=128",rms_norm_dynamic_per_token_quant,"{""hidden_size"": 5120, ""num_tokens"": 128}",ok,ok,ok,ok,71.9040036201477,8.415999822318554,8.415999822318554,10.33599954098463,0.143747204892614,1.2281368535173196,1.2281368535173196,1.0
"rms_norm_dynamic_per_token_quant::hidden_size=5120,num_tokens=256",rms_norm_dynamic_per_token_quant,"{""hidden_size"": 5120, ""num_tokens"": 256}",ok,ok,ok,ok,74.25599917769432,10.096000041812658,9.472000412642956,12.496000155806541,0.16828270165624815,1.2377179183888931,1.3192567157331663,1.0
"rms_norm_dynamic_per_token_quant::hidden_size=5120,num_tokens=512",rms_norm_dynamic_per_token_quant,"{""hidden_size"": 5120, ""num_tokens"": 512}",ok,ok,ok,ok,93.55199709534645,12.959999963641167,11.760000139474869,17.103999853134155,0.18282880520126232,1.3197530787900338,1.454421738969292,1.0
"rms_norm_dynamic_per_token_quant::hidden_size=5120,num_tokens=1024",rms_norm_dynamic_per_token_quant,"{""hidden_size"": 5120, ""num_tokens"": 1024}",ok,ok,ok,ok,145.9520012140274,17.456000670790672,16.287999227643013,27.775999158620834,0.19030913538410113,1.591200623926346,1.7053045478711146,1.0
"rms_norm_dynamic_per_token_quant::hidden_size=5120,num_tokens=2048",rms_norm_dynamic_per_token_quant,"{""hidden_size"": 5120, ""num_tokens"": 2048}",ok,ok,ok,ok,257.28000700473785,25.18399991095066,25.631999596953392,46.94399982690811,0.1824626809266358,1.864040660455039,1.8314606962028765,1.0
"rms_norm_per_block_quant::hidden_size=2048,group_size=128,num_tokens=1",rms_norm_per_block_quant,"{""group_size"": 128, ""hidden_size"": 2048, ""num_tokens"": 1}",ok,ok,ok,ok,11.872000060975552,6.991999922320247,6.84799998998642,8.895999751985073,0.7493261208132159,1.2723111914785314,1.2990653862431905,1.0
"rms_norm_per_block_quant::hidden_size=2048,group_size=128,num_tokens=1024",rms_norm_per_block_quant,"{""group_size"": 128, ""hidden_size"": 2048, ""num_tokens"": 1024}",ok,ok,ok,ok,19.392000511288643,11.744000017642975,11.231999844312668,20.096000283956528,1.0363036176828722,1.7111716837335122,1.7891738392546501,1.0
"rms_norm_per_block_quant::hidden_size=2048,group_size=128,num_tokens=128",rms_norm_per_block_quant,"{""group_size"": 128, ""hidden_size"": 2048, ""num_tokens"": 128}",ok,ok,ok,ok,12.256000190973282,7.168000098317862,7.327999919652939,9.279999881982803,0.7571801352302242,1.2946428229207994,1.2663755436315989,1.0
"rms_norm_per_block_quant::hidden_size=2048,group_size=128,num_tokens=256",rms_norm_per_block_quant,"{""group_size"": 128, ""hidden_size"": 2048, ""num_tokens"": 256}",ok,ok,ok,ok,12.768000364303589,8.00000037997961,7.791999960318208,10.65600011497736,0.8345864513576535,1.3319999511055671,1.3675564898927686,1.0
"rms_norm_per_block_quant::hidden_size=2048,group_size=128,num_tokens=32",rms_norm_per_block_quant,"{""group_size"": 128, ""hidden_size"": 2048, ""num_tokens"": 32}",ok,ok,ok,ok,12.06399966031313,7.007999811321497,7.007999811321497,9.039999917149544,0.7493368842580773,1.2899543608071065,1.2899543608071065,1.0
"rms_norm_per_block_quant::hidden_size=2048,group_size=128,num_tokens=4096",rms_norm_per_block_quant,"{""group_size"": 128, ""hidden_size"": 2048, ""num_tokens"": 4096}",ok,ok,ok,ok,52.112000063061714,27.823999524116516,27.615999802947044,53.63199859857559,1.0291679178245798,1.9275445484424312,1.9420625355324723,1.0
"rms_norm_per_block_quant::hidden_size=2048,group_size=128,num_tokens=64",rms_norm_per_block_quant,"{""group_size"": 128, ""hidden_size"": 2048, ""num_tokens"": 64}",ok,ok,ok,ok,12.095999903976917,7.007999811321497,6.816000211983919,8.863999973982573,0.7328042364706262,1.2648402129895449,1.300469439305159,1.0
"rms_norm_per_block_quant::hidden_size=2048,group_size=128,num_tokens=8",rms_norm_per_block_quant,"{""group_size"": 128, ""hidden_size"": 2048, ""num_tokens"": 8}",ok,ok,ok,ok,11.615999974310398,6.943999789655209,6.800000090152025,8.895999751985073,0.7658402007282372,1.2811059938737106,1.3082352403007378,1.0
"rms_norm_per_block_quant::hidden_size=4096,group_size=128,num_tokens=1",rms_norm_per_block_quant,"{""group_size"": 128, ""hidden_size"": 4096, ""num_tokens"": 1}",ok,ok,ok,ok,16.607999801635742,7.391999941319227,7.104000076651573,10.591999627649784,0.6377649177600885,1.4329003939033396,1.4909909224891589,1.0
"rms_norm_per_block_quant::hidden_size=4096,group_size=128,num_tokens=1024",rms_norm_per_block_quant,"{""group_size"": 128, ""hidden_size"": 4096, ""num_tokens"": 1024}",ok,ok,ok,ok,37.51999884843826,18.912000581622124,17.616000026464462,31.136000528931618,0.8298507858357151,1.6463620754743555,1.7674841327291155,1.0
"rms_norm_per_block_quant::hidden_size=4096,group_size=128,num_tokens=128",rms_norm_per_block_quant,"{""group_size"": 128, ""hidden_size"": 4096, ""num_tokens"": 128}",ok,ok,ok,ok,18.28799955546856,8.576000109314919,8.736000396311283,11.872000060975552,0.6491688730069732,1.3843283476734853,1.3589743043038807,1.0
"rms_norm_per_block_quant::hidden_size=4096,group_size=128,num_tokens=256",rms_norm_per_block_quant,"{""group_size"": 128, ""hidden_size"": 4096, ""num_tokens"": 256}",ok,ok,ok,ok,18.400000408291817,9.64799989014864,9.472000412642956,13.632000423967838,0.7408695718193943,1.4129353834142528,1.4391891712517488,1.0
"rms_norm_per_block_quant::hidden_size=4096,group_size=128,num_tokens=32",rms_norm_per_block_quant,"{""group_size"": 128, ""hidden_size"": 4096, ""num_tokens"": 32}",ok,ok,ok,ok,17.376000061631203,7.408000063151121,7.199999876320362,10.304000228643417,0.5930018526758748,1.3909287447090588,1.431111167450379,1.0
"rms_norm_per_block_quant::hidden_size=4096,group_size=128,num_tokens=4096",rms_norm_per_block_quant,"{""group_size"": 128, ""hidden_size"": 4096, ""num_tokens"": 4096}",ok,ok,ok,ok,100.75199976563454,48.448000103235245,47.42399975657463,89.26400169730186,0.8859774684864259,1.8424703085182874,1.8822537566525426,1.0
"rms_norm_per_block_quant::hidden_size=4096,group_size=128,num_tokens=64",rms_norm_per_block_quant,"{""group_size"": 128, ""hidden_size"": 4096, ""num_tokens"": 64}",ok,ok,ok,ok,17.56799966096878,7.7760000713169575,7.391999941319227,10.928000323474407,0.6220401032767203,1.4053498229487054,1.4783550338508418,1.0
"rms_norm_per_block_quant::hidden_size=4096,group_size=128,num_tokens=8",rms_norm_per_block_quant,"{""group_size"": 128, ""hidden_size"": 4096, ""num_tokens"": 8}",ok,ok,ok,ok,16.912000253796577,7.840000092983246,7.455999962985516,10.591999627649784,0.626300820050661,1.3510203446463682,1.4206008154818388,1.0
"rms_norm_per_block_quant::hidden_size=5120,group_size=128,num_tokens=1",rms_norm_per_block_quant,"{""group_size"": 128, ""hidden_size"": 5120, ""num_tokens"": 1}",ok,ok,ok,ok,20.38400061428547,7.872000336647034,7.840000092983246,12.415999546647072,0.609105139937335,1.577235647316485,1.5836733927795892,1.0
"rms_norm_per_block_quant::hidden_size=5120,group_size=128,num_tokens=8",rms_norm_per_block_quant,"{""group_size"": 128, ""hidden_size"": 5120, ""num_tokens"": 8}",ok,ok,ok,ok,19.856000319123268,8.191999979317188,8.1599997356534,12.575999833643436,0.6333601748349853,1.5351562335686992,1.5411765001284563,1.0
"rms_norm_per_block_quant::hidden_size=5120,group_size=128,num_tokens=32",rms_norm_per_block_quant,"{""group_size"": 128, ""hidden_size"": 5120, ""num_tokens"": 32}",ok,ok,ok,ok,20.35200037062168,8.031999692320824,8.063999935984612,12.191999703645706,0.599056578302985,1.517928308102669,1.5119047371566066,1.0
"rms_norm_per_block_quant::hidden_size=5120,group_size=128,num_tokens=64",rms_norm_per_block_quant,"{""group_size"": 128, ""hidden_size"": 5120, ""num_tokens"": 64}",ok,ok,ok,ok,20.719999447464943,8.960000239312649,8.415999822318554,12.671999633312225,0.6115830101946563,1.414285635586583,1.5057034102718376,1.0
"rms_norm_per_block_quant::hidden_size=5120,group_size=128,num_tokens=128",rms_norm_per_block_quant,"{""group_size"": 128, ""hidden_size"": 5120, ""num_tokens"": 128}",ok,ok,ok,ok,20.927999168634415,9.440000168979168,9.231999982148409,12.896000407636166,0.6162079950272499,1.3661017136433724,1.3968804628003362,1.0
"rms_norm_per_block_quant::hidden_size=5120,group_size=128,num_tokens=256",rms_norm_per_block_quant,"{""group_size"": 128, ""hidden_size"": 5120, ""num_tokens"": 256}",ok,ok,ok,ok,22.52800017595291,11.455999687314034,10.735999792814255,15.231999568641186,0.6761363392077872,1.3296089371849897,1.418777930569276,1.0
"rms_norm_per_block_quant::hidden_size=5120,group_size=128,num_tokens=1024",rms_norm_per_block_quant,"{""group_size"": 128, ""hidden_size"": 5120, ""num_tokens"": 1024}",ok,ok,ok,ok,47.040000557899475,24.97600018978119,22.016000002622604,36.97599843144417,0.7860543791008683,1.480461168741211,1.6795057425072442,1.0
"rms_norm_per_block_quant::hidden_size=5120,group_size=128,num_tokens=4096",rms_norm_per_block_quant,"{""group_size"": 128, ""hidden_size"": 5120, ""num_tokens"": 4096}",ok,ok,ok,ok,140.23999869823456,71.42399996519089,58.928001672029495,110.62400043010712,0.7888191775311229,1.548835132224752,1.8772739154773581,1.0
"silu_and_mul_per_block_quant::intermediate_size=6144,group_size=128,num_tokens=1",silu_and_mul_per_block_quant,"{""group_size"": 128, ""intermediate_size"": 6144, ""num_tokens"": 1}",ok,ok,ok,ok,6.976000033318996,6.144000217318535,6.047999951988459,6.463999859988689,0.9266054800910443,1.052083273331949,1.0687830541174952,1.0
"silu_and_mul_per_block_quant::intermediate_size=12288,group_size=128,num_tokens=1",silu_and_mul_per_block_quant,"{""group_size"": 128, ""intermediate_size"": 12288, ""num_tokens"": 1}",ok,ok,ok,ok,7.296000141650438,6.463999859988689,6.335999816656113,6.463999859988689,0.8859648758897172,1.0,1.0202020276257096,1.0
"silu_and_mul_per_block_quant::intermediate_size=25600,group_size=128,num_tokens=1",silu_and_mul_per_block_quant,"{""group_size"": 128, ""intermediate_size"": 25600, ""num_tokens"": 1}",ok,ok,ok,ok,7.615999784320593,6.496000103652477,5.95200015231967,6.496000103652477,0.8529412142350752,1.0,1.0913978389467605,1.0
"silu_and_mul_per_block_quant::intermediate_size=6144,group_size=128,num_tokens=8",silu_and_mul_per_block_quant,"{""group_size"": 128, ""intermediate_size"": 6144, ""num_tokens"": 8}",ok,ok,ok,ok,7.584000006318092,6.560000125318766,6.240000016987324,6.688000168651342,0.881856561587512,1.0195122013547762,1.0717948959045538,1.0
"silu_and_mul_per_block_quant::intermediate_size=12288,group_size=128,num_tokens=8",silu_and_mul_per_block_quant,"{""group_size"": 128, ""intermediate_size"": 12288, ""num_tokens"": 8}",ok,ok,ok,ok,7.615999784320593,6.399999838322401,6.816000211983919,6.6720000468194485,0.8760504511246705,1.0425000336513048,0.9788732158618058,1.0
"silu_and_mul_per_block_quant::intermediate_size=25600,group_size=128,num_tokens=8",silu_and_mul_per_block_quant,"{""group_size"": 128, ""intermediate_size"": 25600, ""num_tokens"": 8}",ok,ok,ok,ok,8.383999578654766,7.199999876320362,6.496000103652477,7.391999941319227,0.8816794266234078,1.0266666761523597,1.1379310072921582,1.0
"silu_and_mul_per_block_quant::intermediate_size=6144,group_size=128,num_tokens=32",silu_and_mul_per_block_quant,"{""group_size"": 128, ""intermediate_size"": 6144, ""num_tokens"": 32}",ok,ok,ok,ok,7.679999805986881,6.783999968320131,6.3680000603199005,7.408000063151121,0.964583365923561,1.091981146483629,1.163316581812183,1.0
"silu_and_mul_per_block_quant::intermediate_size=12288,group_size=128,num_tokens=32",silu_and_mul_per_block_quant,"{""group_size"": 128, ""intermediate_size"": 12288, ""num_tokens"": 32}",ok,ok,ok,ok,8.0960001796484,6.943999789655209,7.135999854654074,8.559999987483025,1.0573122279568399,1.2327189295476715,1.1995515921851123,1.0
"silu_and_mul_per_block_quant::intermediate_size=25600,group_size=128,num_tokens=32",silu_and_mul_per_block_quant,"{""group_size"": 128, ""intermediate_size"": 25600, ""num_tokens"": 32}",ok,ok,ok,ok,9.440000168979168,8.799999952316284,8.0960001796484,10.912000201642513,1.155932204058692,1.2400000296329912,1.3478260819550043,1.0
"silu_and_mul_per_block_quant::intermediate_size=6144,group_size=128,num_tokens=64",silu_and_mul_per_block_quant,"{""group_size"": 128, ""intermediate_size"": 6144, ""num_tokens"": 64}",ok,ok,ok,ok,8.767999708652496,7.071999832987785,6.640000035986304,8.39999970048666,0.9580291947543425,1.1877827911285201,1.265060189000274,1.0
"silu_and_mul_per_block_quant::intermediate_size=12288,group_size=128,num_tokens=64",silu_and_mul_per_block_quant,"{""group_size"": 128, ""intermediate_size"": 12288, ""num_tokens"": 64}",ok,ok,ok,ok,9.312000125646591,8.239999879151583,8.191999979317188,10.832000058144331,1.1632302310984126,1.3145631331319423,1.3222656354360964,1.0
"silu_and_mul_per_block_quant::intermediate_size=25600,group_size=128,num_tokens=64",silu_and_mul_per_block_quant,"{""group_size"": 128, ""intermediate_size"": 25600, ""num_tokens"": 64}",ok,ok,ok,ok,10.847999714314938,9.472000412642956,9.151999838650227,15.48799965530634,1.4277286193940892,1.6351350275104928,1.6923076844798732,1.0
"silu_and_mul_per_block_quant::intermediate_size=6144,group_size=128,num_tokens=128",silu_and_mul_per_block_quant,"{""group_size"": 128, ""intermediate_size"": 6144, ""num_tokens"": 128}",ok,ok,ok,ok,9.02399979531765,7.807999849319458,7.648000027984381,10.56000031530857,1.1702128274413213,1.3524590828762602,1.38075317425066,1.0
"silu_and_mul_per_block_quant::intermediate_size=12288,group_size=128,num_tokens=128",silu_and_mul_per_block_quant,"{""group_size"": 128, ""intermediate_size"": 12288, ""num_tokens"": 128}",ok,ok,ok,ok,10.912000201642513,9.759999811649323,9.296000003814697,15.263999812304974,1.3988269364224701,1.5639344371796193,1.6419965367944551,1.0
"silu_and_mul_per_block_quant::intermediate_size=25600,group_size=128,num_tokens=128",silu_and_mul_per_block_quant,"{""group_size"": 128, ""intermediate_size"": 25600, ""num_tokens"": 128}",ok,ok,ok,ok,14.62399959564209,13.663999736309052,12.415999546647072,24.89599958062172,1.7024070205828408,1.8220140559916813,2.0051546786134393,1.0
"silu_and_mul_per_block_quant::intermediate_size=6144,group_size=128,num_tokens=256",silu_and_mul_per_block_quant,"{""group_size"": 128, ""intermediate_size"": 6144, ""num_tokens"": 256}",ok,ok,ok,ok,11.42400037497282,9.664000011980534,9.600000455975533,15.168000012636185,1.3277310499626338,1.5695364232028457,1.5799999262702997,1.0
"silu_and_mul_per_block_quant::intermediate_size=12288,group_size=128,num_tokens=256",silu_and_mul_per_block_quant,"{""group_size"": 128, ""intermediate_size"": 12288, ""num_tokens"": 256}",ok,ok,ok,ok,14.4640002399683,12.992000207304955,12.35199999064207,24.143999442458153,1.669247721369719,1.8583743116693312,1.9546631687783154,1.0
"silu_and_mul_per_block_quant::intermediate_size=25600,group_size=128,num_tokens=256",silu_and_mul_per_block_quant,"{""group_size"": 128, ""intermediate_size"": 25600, ""num_tokens"": 256}",ok,ok,ok,ok,22.592000663280487,19.66400071978569,17.88800023496151,43.35999861359596,1.9192633383757984,2.205044600612104,2.4239712681158325,1.0
"silu_and_mul_per_block_quant::intermediate_size=6144,group_size=128,num_tokens=1024",silu_and_mul_per_block_quant,"{""group_size"": 128, ""intermediate_size"": 6144, ""num_tokens"": 1024}",ok,ok,ok,ok,23.64799939095974,19.392000511288643,17.376000061631203,41.919998824596405,1.7726657604964995,2.1617160540086395,2.4125229440555773,1.0
"silu_and_mul_per_block_quant::intermediate_size=12288,group_size=128,num_tokens=1024",silu_and_mul_per_block_quant,"{""group_size"": 128, ""intermediate_size"": 12288, ""num_tokens"": 1024}",ok,ok,ok,ok,34.304000437259674,30.912000685930252,28.704000636935234,77.2479996085167,2.251865631525964,2.4989647351967257,2.69119279175032,1.0
"silu_and_mul_per_block_quant::intermediate_size=25600,group_size=128,num_tokens=1024",silu_and_mul_per_block_quant,"{""group_size"": 128, ""intermediate_size"": 25600, ""num_tokens"": 1024}",ok,ok,ok,ok,62.463998794555664,55.1999993622303,50.48000067472458,152.67199277877808,2.4441597676273794,2.7657970025855,3.024405521753909,1.0
"silu_and_mul_per_block_quant::intermediate_size=6144,group_size=128,num_tokens=4096",silu_and_mul_per_block_quant,"{""group_size"": 128, ""intermediate_size"": 6144, ""num_tokens"": 4096}",ok,ok,ok,ok,65.21599739789963,53.008001297712326,48.91199991106987,146.7200070619583,2.249754859483045,2.7678841584296885,2.9996730317451674,1.0
"silu_and_mul_per_block_quant::intermediate_size=12288,group_size=128,num_tokens=4096",silu_and_mul_per_block_quant,"{""group_size"": 128, ""intermediate_size"": 12288, ""num_tokens"": 4096}",ok,ok,ok,ok,103.12000289559364,96.0640013217926,90.12800082564354,286.6879999637604,2.780139564716892,2.9843437293791317,3.1808982484629893,1.0
"silu_and_mul_per_block_quant::intermediate_size=25600,group_size=128,num_tokens=4096",silu_and_mul_per_block_quant,"{""group_size"": 128, ""intermediate_size"": 25600, ""num_tokens"": 4096}",ok,ok,ok,ok,218.87999773025513,189.34399634599686,179.36000227928162,592.0959711074829,2.7051168551142544,3.1270913392232367,3.301159475820756,1.0
"fused_qk_norm_rope::q_heads=16,kv_heads=8,num_tokens=1",fused_qk_norm_rope,"{""kv_heads"": 8, ""num_tokens"": 1, ""q_heads"": 16}",ok,ok,ok,ok,6.719999946653843,6.688000168651342,6.432000081986189,6.719999946653843,1.0,1.0047846556811546,1.044776097791765,1.0
"fused_qk_norm_rope::q_heads=32,kv_heads=8,num_tokens=1",fused_qk_norm_rope,"{""kv_heads"": 8, ""num_tokens"": 1, ""q_heads"": 32}",ok,ok,ok,ok,7.199999876320362,6.87999976798892,6.591999903321266,6.87999976798892,0.9555555397460671,1.0,1.0436893004993144,1.0
"fused_qk_norm_rope::q_heads=64,kv_heads=8,num_tokens=1",fused_qk_norm_rope,"{""kv_heads"": 8, ""num_tokens"": 1, ""q_heads"": 64}",ok,ok,ok,ok,6.816000211983919,6.624000146985054,6.175999995321035,6.624000146985054,0.9718309772553572,1.0,1.0725388847155806,1.0
"fused_qk_norm_rope::q_heads=16,kv_heads=8,num_tokens=8",fused_qk_norm_rope,"{""kv_heads"": 8, ""num_tokens"": 8, ""q_heads"": 16}",ok,ok,ok,ok,7.071999832987785,7.296000141650438,6.6559999249875546,7.104000076651573,1.0045249214394096,0.9736842021283962,1.0673077158523039,1.0
"fused_qk_norm_rope::q_heads=32,kv_heads=8,num_tokens=8",fused_qk_norm_rope,"{""kv_heads"": 8, ""num_tokens"": 8, ""q_heads"": 32}",ok,ok,ok,ok,7.199999876320362,7.199999876320362,6.719999946653843,6.976000033318996,0.9688889101598369,0.9688889101598369,1.0380952512942543,1.0
"fused_qk_norm_rope::q_heads=64,kv_heads=8,num_tokens=8",fused_qk_norm_rope,"{""kv_heads"": 8, ""num_tokens"": 8, ""q_heads"": 64}",ok,ok,ok,ok,7.040000054985285,7.135999854654074,6.496000103652477,6.719999946653843,0.9545454395124844,0.9417040475794128,1.034482733901962,1.0
"fused_qk_norm_rope::q_heads=16,kv_heads=8,num_tokens=32",fused_qk_norm_rope,"{""kv_heads"": 8, ""num_tokens"": 32, ""q_heads"": 16}",ok,ok,ok,ok,7.023999933153391,7.104000076651573,6.479999981820583,6.800000090152025,0.9681093614559871,0.9572072095693394,1.0493827329057395,1.0
"fused_qk_norm_rope::q_heads=32,kv_heads=8,num_tokens=32",fused_qk_norm_rope,"{""kv_heads"": 8, ""num_tokens"": 32, ""q_heads"": 32}",ok,ok,ok,ok,7.280000019818544,7.648000027984381,6.816000211983919,7.040000054985285,0.9670329719533103,0.9205020958715486,1.0328638257093257,1.0
"fused_qk_norm_rope::q_heads=64,kv_heads=8,num_tokens=32",fused_qk_norm_rope,"{""kv_heads"": 8, ""num_tokens"": 32, ""q_heads"": 64}",ok,ok,ok,ok,7.519999984651804,7.807999849319458,6.87999976798892,7.327999919652939,0.9744680764108067,0.9385245979854424,1.0651163033098434,1.0
"fused_qk_norm_rope::q_heads=16,kv_heads=8,num_tokens=128",fused_qk_norm_rope,"{""kv_heads"": 8, ""num_tokens"": 128, ""q_heads"": 16}",ok,ok,ok,ok,7.74399982765317,8.0960001796484,7.215999998152256,7.615999784320593,0.9834710684166729,0.9407114149361775,1.0554323428867463,1.0
"fused_qk_norm_rope::q_heads=32,kv_heads=8,num_tokens=128",fused_qk_norm_rope,"{""kv_heads"": 8, ""num_tokens"": 128, ""q_heads"": 32}",ok,ok,ok,ok,8.191999979317188,9.312000125646591,7.584000006318092,8.031999692320824,0.9804687149169523,0.8625429106470411,1.059071688506001,1.0
"fused_qk_norm_rope::q_heads=64,kv_heads=8,num_tokens=128",fused_qk_norm_rope,"{""kv_heads"": 8, ""num_tokens"": 128, ""q_heads"": 64}",ok,ok,ok,ok,8.86400043964386,9.344000369310379,8.495999965816736,9.759999811649323,1.1010829566296212,1.0445204865043949,1.1487758769913172,1.0
"fused_qk_norm_rope::q_heads=16,kv_heads=8,num_tokens=512",fused_qk_norm_rope,"{""kv_heads"": 8, ""num_tokens"": 512, ""q_heads"": 16}",ok,ok,ok,ok,9.61600011214614,9.184000082314014,9.568000212311745,10.27199998497963,1.068219619923349,1.118466887294657,1.0735785699254066,1.0
"fused_qk_norm_rope::q_heads=32,kv_heads=8,num_tokens=512",fused_qk_norm_rope,"{""kv_heads"": 8, ""num_tokens"": 512, ""q_heads"": 32}",ok,ok,ok,ok,12.35199999064207,10.71999967098236,11.52000017464161,12.752000242471695,1.032383440101414,1.189552297934271,1.1069444487112097,1.0
"fused_qk_norm_rope::q_heads=64,kv_heads=8,num_tokens=512",fused_qk_norm_rope,"{""kv_heads"": 8, ""num_tokens"": 512, ""q_heads"": 64}",ok,ok,ok,ok,15.95200039446354,14.208000153303146,16.03199914097786,17.80799962580204,1.1163489960784267,1.2533783385173984,1.110778479290503,1.0
"fused_qk_norm_rope::q_heads=16,kv_heads=8,num_tokens=2048",fused_qk_norm_rope,"{""kv_heads"": 8, ""num_tokens"": 2048, ""q_heads"": 16}",ok,ok,ok,ok,17.40800030529499,17.376000061631203,17.392000183463097,20.767999812960625,1.1930146742152585,1.1952117713684556,1.1941122121599068,1.0
"fused_qk_norm_rope::q_heads=32,kv_heads=8,num_tokens=2048",fused_qk_norm_rope,"{""kv_heads"": 8, ""num_tokens"": 2048, ""q_heads"": 32}",ok,ok,ok,ok,27.83999964594841,22.86399994045496,24.09599907696247,27.583999559283257,0.9908045944712356,1.2064380524457952,1.1447543416307469,1.0
"fused_qk_norm_rope::q_heads=64,kv_heads=8,num_tokens=2048",fused_qk_norm_rope,"{""kv_heads"": 8, ""num_tokens"": 2048, ""q_heads"": 64}",ok,ok,ok,ok,40.36800004541874,35.2960005402565,37.487998604774475,40.608000010252,1.0059453023326206,1.1504986227529364,1.083226673111329,1.0
"fused_qk_norm_rope::q_heads=16,kv_heads=8,num_tokens=8192",fused_qk_norm_rope,"{""kv_heads"": 8, ""num_tokens"": 8192, ""q_heads"": 16}",ok,ok,ok,ok,46.25599831342697,46.41599953174591,47.759998589754105,51.103999838232994,1.104808061690861,1.1009996629132324,1.0700167786268795,1.0
"fused_qk_norm_rope::q_heads=32,kv_heads=8,num_tokens=8192",fused_qk_norm_rope,"{""kv_heads"": 8, ""num_tokens"": 8192, ""q_heads"": 32}",ok,ok,ok,ok,91.85599908232689,71.77600264549255,74.40000027418137,77.45600119233131,0.8432329076613774,1.0791350637746258,1.0410752810065573,1.0
"fused_qk_norm_rope::q_heads=64,kv_heads=8,num_tokens=8192",fused_qk_norm_rope,"{""kv_heads"": 8, ""num_tokens"": 8192, ""q_heads"": 64}",ok,ok,ok,ok,145.11999487876892,123.32800030708313,126.70399993658066,130.8640018105507,0.901764101631016,1.0611053571346583,1.0328324431434859,1.0
